Usename,Time,Like_count,Floor_number,Sourse,Comments
柠栀去洗头了,Wed Mar 18 12:33:42 +0800 2020,966,14,,"""作品即是他最好的盔甲"""
仲长莎莉清清,Wed Mar 18 12:34:38 +0800 2020,805,30,,"""永远寻求突破，永远不懈努力，最终成就闪耀的自己 蔡徐坤一直用作品说话！"""
春色梅子酒,Wed Mar 18 12:33:57 +0800 2020,653,18,,"""用时间来证明一切"""
KUN的Rock少女碎碎,Wed Mar 18 12:32:50 +0800 2020,576,2,,"""作品就是他最好的盔甲"""
K优恩的流羽酱,Wed Mar 18 12:34:35 +0800 2020,419,28,,"""作品就是他最好的铠甲"""
穆勒女票,Wed Mar 18 12:33:49 +0800 2020,357,16,,"""作品是他最好的盔甲"""
K幼恩初见藍玫瑰,Wed Mar 18 12:33:12 +0800 2020,318,6,,"""作品是他最好的盔甲！时间会证明一切"""
是福猪陌陌吖,Wed Mar 18 12:34:57 +0800 2020,248,35,,"""你的作品是舞台！不要着急回应所有的声音！[贊]"""
小猪无语惹,Wed Mar 18 12:34:31 +0800 2020,183,26,,"""你的作品就是舞台"""
困困喏·,Wed Mar 18 12:35:24 +0800 2020,156,38,,"""作品是舞台，也是最好的盔甲@蔡徐坤"""
逐風執事,Wed Mar 18 12:35:35 +0800 2020,126,42,,"""有热爱就无所畏惧"""
菀·_·IKUN,Wed Mar 18 12:33:24 +0800 2020,114,9,,"""出道以来一直初心不变，坚持做音乐期待未来更多好作品"""
Cici茜茜公主-,Wed Mar 18 12:34:28 +0800 2020,97,25,,"""“命运的礼物都有他的价格，而这个价格，我蔡徐坤付的起”目光清澈，活得通透，终有一天，你要的时光都会给你。@蔡徐坤 """
AugustGilding-,Wed Mar 18 12:37:19 +0800 2020,75,187,,"""作品就是他最好的铠甲"""
·LovingStrangers,Wed Mar 18 12:33:09 +0800 2020,62,5,,"""用舞台来回应声音"""
向沂可可,Wed Mar 18 12:38:41 +0800 2020,53,209,,"""多一些了解和靠近这个只是坚持自己的热爱的大男孩吧 期待蔡PD 周四周六晚八点不见不散@蔡徐坤"""
kun式无语的浪漫,Wed Mar 18 12:36:01 +0800 2020,50,166,,"""每个走过的经历都会变成财富——蔡徐坤"""
桥儿ikun,Wed Mar 18 12:39:13 +0800 2020,44,222,,"""作品是最好的回应，蔡徐坤加油"""
蔡徐坤TOUR_MEETING,Wed Mar 18 12:37:45 +0800 2020,34,191,,"""作品就是你的舞台！"""
大奎葵花籽KUN,Wed Mar 18 12:35:25 +0800 2020,37,39,,"""蔡徐坤舞台专注，作品是他的铠甲"""
猪光宝气核桃包,Wed Mar 18 12:45:12 +0800 2020,23,323,,"""坚持热爱 用作品说话"""
八月恋雪葵,Wed Mar 18 12:44:49 +0800 2020,18,313,,"""一如既往坚定，诠释不羁少年意气，不经意的小举动温柔又暖心“每个女生都是独一无二的” @蔡徐坤 """
超级小葵Hua,Wed Mar 18 12:42:32 +0800 2020,17,267,,"""“做好准备的人，会得到一颗糖，你的作品就是舞台”，@蔡徐坤 一直相信舞台上的自己是最真实的自己"""
·绝缘体KUN·,Wed Mar 18 12:40:39 +0800 2020,12,241,,"""时间会证明一切 做好准备的人 一定会得到一颗糖[爱心]"""
南南akunkun,Wed Mar 18 12:37:13 +0800 2020,13,186,,"""作品是他的一切"""
倪倪倪小美,Wed Mar 18 12:48:03 +0800 2020,12,384,,"""用时间来证明一切"""
花菜投手,Wed Mar 18 12:47:31 +0800 2020,14,377,,"""作品是他最好的盔甲！"""
Grow_菜园小ak,Wed Mar 18 12:43:13 +0800 2020,11,282,,"""用时间和作品来证明一切"""
Ikun_可爱,Wed Mar 18 12:41:03 +0800 2020,10,249,,"""何必顺应 不惧流言 热爱至上"""
笔咖楸,Wed Mar 18 12:36:18 +0800 2020,17,174,,"""他的回应是他的作品"""
August_紫菜包饭,Wed Mar 18 12:36:58 +0800 2020,7,183,,"""你的作品就是你最好的盔甲，一切其他的东西都将转瞬消逝，只有你的盔甲会陪着你战斗到最后一刻。试着去聆听他的作品，试着去体会他的经历，你一定会对他有新的看法。蔡徐坤，值得喜爱！"""
·802LY·U星葵倾·,Wed Mar 18 13:46:24 +0800 2020,5,694,,"""坚守热爱，用作品回应争议。用心做好每一个舞台，认真对待每一首音乐。时间会证明一切，用作品来说话。蔡徐坤很棒！！！"""
请一定加油,Wed Mar 18 12:41:51 +0800 2020,9,258,,"""时间会带走很多记忆，但作品会永远留下来，@蔡徐坤 回应各种目光的的就是他的作品。"""
清汤少油不要葱,Wed Mar 18 12:41:01 +0800 2020,7,248,,"""你的作品，是舞台@蔡徐坤"""
冒菜要吃变态辣,Wed Mar 18 12:34:03 +0800 2020,6,19,,"""坚定热爱就能行"""
卡幼恩·特特,Wed Mar 18 12:33:42 +0800 2020,8,13,,"""他说的都做到了"""
蹦哒的珠子,Wed Mar 18 12:45:25 +0800 2020,5,328,,"""时间证明一切"""
稳说了算,Wed Mar 18 12:45:49 +0800 2020,6,335,,"""即使周围都是黑暗也挡不住蔡徐坤内心热爱的光@蔡徐坤"""
大狮子的小兔子呀,Wed Mar 18 12:45:17 +0800 2020,4,324,,"""用作品说话@蔡徐坤"""
清水悠哉,Wed Mar 18 12:38:42 +0800 2020,5,212,,"""舞台就是你的作品"""
小廖爱困,Wed Mar 18 12:43:33 +0800 2020,3,289,,"""作品是他最好的盔甲"""
菜菜真的好困,Wed Mar 18 12:43:30 +0800 2020,3,287,,"""你的作品就是你的舞台，作品就是他最好的盔甲"""
对我是猫猫,Wed Mar 18 15:26:46 +0800 2020,4,913,,"""他那次拍摄的风格我还蛮喜欢的"""
超级X泡蔡D姐姐,Wed Mar 18 13:36:07 +0800 2020,4,664,,"""他让热爱成为一把无坚不摧的剑，披荆斩棘的完成梦想，这也是他最厉害的护心甲"""
对坤坤body着迷的棋棋,Wed Mar 18 12:37:47 +0800 2020,6,193,,"""时间会证明一切"""
KUN·最爱大奎,Wed Mar 18 17:04:46 +0800 2020,3,1032,,"""你的作品是舞台"""
缘来是你1_63382,Wed Mar 18 15:49:36 +0800 2020,3,941,,"""努力热爱专注不会辜负蔡徐坤"""
Ikun是我唯一的名字,Wed Mar 18 13:45:03 +0800 2020,3,692,,"""作品就是他最好的铠甲"""
喜歡獅子坤,Wed Mar 18 14:29:08 +0800 2020,3,820,,"""他的作品就是舞台"""
喜歡獅子坤,Wed Mar 18 14:17:03 +0800 2020,3,779,,"""時间会证明一切"""
苏木恋茯苓,Wed Mar 18 13:14:26 +0800 2020,3,580,,"""作品是最好的证明，一切打不倒我们的，会让我们更强大。坚持热爱，继续前行。@蔡徐坤"""
文95068,Wed Mar 18 18:53:00 +0800 2020,2,1172,,"""坚定所热爱的，无畏前行！加油，蔡徐坤！"""
是你眼中的星星啊,Wed Mar 18 12:57:11 +0800 2020,2,491,,"""一次次出彩的舞台，一首首独具个人特色的原创歌曲，他用作品回应所有声音，我相信时间会证明一切。"""
小葵hongyiiiiii,Wed Mar 18 12:35:26 +0800 2020,2,40,,"""用热爱与坚持回应"""
82号驯狮少女,Wed Mar 18 12:35:56 +0800 2020,2,164,,"""时间会证明一切，你的作品，是舞台"""
qpencil,Wed Mar 18 21:44:17 +0800 2020,1,1328,,"""唯有热爱 才得始终"""
J_ryeogiii,Wed Mar 18 13:32:00 +0800 2020,1,654,,"""作品就是他最好的盔甲 时间证明一切"""
AllAboutLovinU,Wed Mar 18 13:25:06 +0800 2020,1,621,,"""用作品说话@蔡徐坤"""
大背头的猪咪,Wed Mar 18 13:17:44 +0800 2020,1,590,,"""花花世界 静守己心"""
地狱宵伽,Wed Mar 18 12:53:22 +0800 2020,1,444,,"""坚持用作品说话"""
EKekkun_,Wed Mar 18 12:48:32 +0800 2020,1,391,,""""""
小球-小葵大奎,Wed Mar 18 12:38:42 +0800 2020,1,210,,"""用时间来证明一切，真好"""
涵雨沁雨IKUN,Wed Mar 18 12:38:27 +0800 2020,1,203,,"""期待蔡徐坤更多新作品"""
8giofdyo,Wed Mar 18 12:34:45 +0800 2020,1,34,,"""呜呜困困冲鸭！"""
爱葵葵的大方,Wed Mar 18 12:34:44 +0800 2020,1,33,,"""时间证明一切"""
Free-朵子,Wed Mar 18 12:34:06 +0800 2020,1,21,,"""作品就是他最好的铠甲！"""
miu诶,Wed Mar 18 12:33:48 +0800 2020,2,15,,"""作品就是他最好的盔甲"""
桂圆八宝粥wss,Wed Mar 18 12:33:20 +0800 2020,2,7,,"""他火帅"""
初心北葵向暖,Wed Mar 18 13:07:07 +0800 2020,1,549,,"""初心与舞台，不辜负与坚持所爱！所有的经历、努力都会幻化成最好的沉淀！@蔡徐坤"""
奎葵太阳_AUG,Wed Mar 18 12:36:22 +0800 2020,2,177,,"""不要着急回应，作品证明一切"""
KK日奈森小亚夢,Wed Mar 18 12:32:51 +0800 2020,1,3,,"""蔡pd!"""
葵葵滑滑梯,Wed Mar 18 20:12:12 +0800 2020,1,1261,,""""""
高冷野女,Wed Mar 18 16:59:06 +0800 2020,1,1028,,""""""
-生菜五花肉,Wed Mar 18 12:36:04 +0800 2020,1,168,,""""""
超级爱菜菜,Wed Mar 18 19:37:27 +0800 2020,1,1238,,"""蔡徐坤"""
辰熙妍汐,Wed Mar 18 16:51:11 +0800 2020,1,1008,,"""坚定目标，热爱你的热爱"""
蔡小葵家Amy,Wed Mar 18 12:40:34 +0800 2020,1,238,,"""初心与舞台 ，不辜负与坚持所爱，   帅气又暖心的青春制作人代表！"""
往后余生都只有蔡徐坤一个人,Wed Mar 18 12:38:57 +0800 2020,1,216,,"""作品就是他最好的铠甲时间会证明一切"""
allfor坤坤,Wed Mar 18 12:38:42 +0800 2020,1,211,,"""时间会证明一切，蔡徐坤好棒"""
·白昼潮汐,Wed Mar 18 12:33:56 +0800 2020,1,17,,"""蔡徐坤冲冲冲优质正能量偶像"""
AiiiStarry,Wed Mar 18 12:33:36 +0800 2020,1,11,,"""一直以来言行一致的小坤"""
justnnn_,Wed Mar 18 12:33:03 +0800 2020,0,4,,"""好的作品才是盔甲吧"""
一只是ikun的彤儿,Thu Mar 19 10:09:08 +0800 2020,0,1436,,"""蔡徐坤"""
酸甜金桔味儿,Wed Mar 18 23:45:10 +0800 2020,0,1394,,"""#青2青春制作人代表蔡徐坤# pick蔡徐坤@蔡徐坤"""
活成自己曾经渴望的模样,Wed Mar 18 23:04:59 +0800 2020,0,1374,,"""哇霍@蔡徐坤"""
辣手非洲猪,Wed Mar 18 22:58:41 +0800 2020,0,1371,,"""真好"""
桑椹子,Wed Mar 18 22:39:36 +0800 2020,0,1363,,"""转发微博"""
妖412,Wed Mar 18 22:37:10 +0800 2020,0,1357,,"""他真的是太通透了"""
August-苏浅,Wed Mar 18 22:15:54 +0800 2020,0,1342,,"""你的作品是舞台，时间越长，越觉得他很难得，很了不起。"""
June-BX,Wed Mar 18 21:45:45 +0800 2020,0,1331,,"""感谢分享"""
无条件为储蓄卡,Wed Mar 18 21:44:58 +0800 2020,0,1329,,""""""
可可甜心菜,Wed Mar 18 21:17:19 +0800 2020,0,1312,,"""作品是他最好的盔甲"""
蹦咔嚓咔蹦脆,Wed Mar 18 21:15:10 +0800 2020,0,1308,,""""""
小小雅籽YY,Wed Mar 18 21:03:45 +0800 2020,0,1294,,"""作品是他最好的盔甲！"""
不上镜的菜,Wed Mar 18 21:03:04 +0800 2020,0,1292,,"""时间会证明一切"""
今生挚爱CR7和蔡徐坤,Wed Mar 18 20:42:25 +0800 2020,0,1286,,"""蔡徐坤说过时间会证明一切"""
仙境里的Alice,Wed Mar 18 20:35:24 +0800 2020,0,1280,,"""头脑清醒又目标明确"""
巾小胖,Wed Mar 18 20:25:35 +0800 2020,0,1269,,"""坤坤加油！"""
一口喝掉802斤菜籽油,Wed Mar 18 20:14:35 +0800 2020,0,1267,,"""初心和作品"""
蝶恋君花熙,Wed Mar 18 20:08:46 +0800 2020,0,1259,,"""💕"""
倩女幽魂coolboy2012,Wed Mar 18 19:38:03 +0800 2020,0,1240,,"""蔡徐坤"""
殇shan98,Wed Mar 18 19:36:27 +0800 2020,0,1234,,"""感谢分享"""
August下巴上没刮干净的小胡子,Wed Mar 18 19:32:13 +0800 2020,0,1229,,"""真棒"""
K我很霸气,Wed Mar 18 19:08:04 +0800 2020,0,1197,,"""时间会证明一切"""
坤坤ikun的小猫咪,Wed Mar 18 18:42:37 +0800 2020,0,1160,,""""""
AriesJessica,Wed Mar 18 18:36:32 +0800 2020,0,1150,,"""清者自清，用作品説話、用舞台明志，時間会証明一切@蔡徐坤"""
木子白的冰,Wed Mar 18 18:24:40 +0800 2020,0,1133,,"""认真负责对待每一个作品"""
L林X-K,Wed Mar 18 18:19:45 +0800 2020,0,1129,,"""时间"""
噜啦噜嘞沥,Wed Mar 18 18:18:50 +0800 2020,0,1128,,"""哥哥!"""
卡拉什尼科夫jj,Wed Mar 18 18:10:26 +0800 2020,0,1118,,"""你的作品是舞台"""
小傻傻菜,Wed Mar 18 18:10:19 +0800 2020,0,1117,,"""作品说话的坤@蔡徐坤"""
浅浅唯爱坤坤,Wed Mar 18 18:08:44 +0800 2020,0,1115,,"""时间证明一切！"""
findalemon,Wed Mar 18 17:49:48 +0800 2020,0,1091,,"""作品就是最好的回应"""
march三川,Wed Mar 18 17:42:24 +0800 2020,0,1081,,""""""
is我还要看小葵,Wed Mar 18 17:38:07 +0800 2020,0,1076,,"""热爱"""
忆若maybe,Wed Mar 18 17:31:31 +0800 2020,0,1067,,""""""
捕获到一只小ikun啊,Wed Mar 18 17:22:42 +0800 2020,0,1055,,"""转发微博"""
今天种一颗菜,Wed Mar 18 17:10:59 +0800 2020,0,1044,,"""舞台就是作品！"""
Os1219,Wed Mar 18 16:55:55 +0800 2020,0,1024,,""""""
amiki在行动,Wed Mar 18 16:54:43 +0800 2020,0,1022,,"""蔡徐坤"""
amiki在行动,Wed Mar 18 16:53:45 +0800 2020,0,1017,,"""转发微博"""
咕咚菇凉,Wed Mar 18 16:52:20 +0800 2020,0,1013,,"""热爱不惧"""
花椰菜的小花,Wed Mar 18 16:50:06 +0800 2020,0,1002,,""""""
vicky爱坤坤宝贝,Wed Mar 18 16:47:27 +0800 2020,0,996,,"""用作品说话，时间会证明一切"""
杨yang安好,Wed Mar 18 16:29:33 +0800 2020,0,974,,"""加油坤"""
wirajuan,Wed Mar 18 16:25:00 +0800 2020,0,968,,"""弟弟加油"""
唯粉坤滴小仙女,Wed Mar 18 16:23:11 +0800 2020,0,964,,"""他的作品就是最好的盔甲！"""
可爱的kakawo,Wed Mar 18 16:22:25 +0800 2020,0,963,,"""作品就是他最好的盔甲"""
困困嘚小猫咪,Wed Mar 18 15:49:30 +0800 2020,0,940,,"""会越来越好的"""
爱kun小媛,Wed Mar 18 15:37:23 +0800 2020,0,925,,"""作品就是最好的盔甲 蔡徐坤"""
脸圆圆的菜包ikun,Wed Mar 18 15:21:19 +0800 2020,0,900,,"""用时间来证明一切"""
amiki在行动,Wed Mar 18 15:18:34 +0800 2020,0,896,,"""转发微博"""
amiki在行动,Wed Mar 18 15:18:29 +0800 2020,0,895,,"""棒！"""
amiki在行动,Wed Mar 18 15:18:19 +0800 2020,0,894,,""""""
妈妈说亲我,Wed Mar 18 15:14:33 +0800 2020,0,890,,""""""
紫衣伊琳娜,Wed Mar 18 15:06:04 +0800 2020,0,878,,"""转发微博"""
房东阿太,Wed Mar 18 15:02:54 +0800 2020,0,873,,"""作品"""
偷菜菜啦_Au,Wed Mar 18 15:02:23 +0800 2020,0,869,,"""用作品说话"""
蔡老头的老灵魂-小尧尧,Wed Mar 18 14:48:13 +0800 2020,0,850,,"""作品就是他最好的盔甲"""
NuncaMuereElAlma,Wed Mar 18 14:30:10 +0800 2020,0,825,,"""用作品说话"""
米老鼠不爱大米爱徐坤,Wed Mar 18 14:30:10 +0800 2020,0,824,,"""作品就是他最好的盔甲@蔡徐坤"""
旃主IKUN,Wed Mar 18 14:25:21 +0800 2020,0,811,,"""作品就是他最好的盔甲"""
KherewegoAgain,Wed Mar 18 14:18:17 +0800 2020,0,784,,"""呜呜呜"""
红枫树林82,Wed Mar 18 14:14:21 +0800 2020,0,770,,""""""
三桥家的青矽,Wed Mar 18 14:13:55 +0800 2020,0,769,,"""作品就是最好的盔甲"""
葵葵CUE燕麦,Wed Mar 18 14:07:09 +0800 2020,0,756,,"""作品即是他最好的盔甲@蔡徐坤"""
北辰·般若,Wed Mar 18 13:55:29 +0800 2020,0,728,,"""坚持所爱就很酷"""
白皮豆豆-Cri,Wed Mar 18 13:55:06 +0800 2020,0,725,,"""好棒啊"""
一只大猫的小猫,Wed Mar 18 13:40:31 +0800 2020,1,681,,"""害，谁不是呢，我后悔偶练播完后才认识的蔡徐坤，也多亏了微博热搜我才点进去看，然后才看完的偶练，然后就疯狂喜欢蔡徐坤，一下子都2年了，时间真的过的好快，如果早一点儿遇到他就可以给他打榜了，幸运的是还好他最后C位出道了，好感人好励志"""
kkd旺仔,Wed Mar 18 13:35:30 +0800 2020,0,660,,"""你的作品 是舞台"""
蔡气滚滚,Wed Mar 18 13:34:41 +0800 2020,0,659,,"""时间证明一切 加油💪"""
美食猪咪博主,Wed Mar 18 13:32:14 +0800 2020,0,656,,"""时间证明一切"""
枕头爱坤,Wed Mar 18 13:28:51 +0800 2020,0,643,,"""用时间证明一切"""
一定陪坤坤好好走下去,Wed Mar 18 13:28:34 +0800 2020,0,641,,"""蔡徐坤加油"""
阿拉奎葵,Wed Mar 18 13:27:45 +0800 2020,0,636,,"""感谢分享"""
阿拉奎葵,Wed Mar 18 13:27:39 +0800 2020,0,634,,"""蔡徐坤蔡徐坤 cxk 巨c  只要心中有热爱@蔡徐坤"""
jerry家的坤坤,Wed Mar 18 13:26:56 +0800 2020,0,631,,"""无需着急回应所有的声音 你的作品就是最好的答案@蔡徐坤"""
陈陈爱吃lemon,Wed Mar 18 13:23:56 +0800 2020,0,617,,""""""
陆筱筱最爱蔡蔡蔡,Wed Mar 18 13:23:47 +0800 2020,0,615,,"""转发微博"""
小小恋猫,Wed Mar 18 13:18:00 +0800 2020,0,592,,"""作品是他最好的盔甲"""
August_陌少呆,Wed Mar 18 13:16:30 +0800 2020,0,584,,""""""
炖蛋怡,Wed Mar 18 13:13:20 +0800 2020,0,577,,"""捍卫心中热爱，作品就是他最强的铠甲@蔡徐坤"""
猫儿小明,Wed Mar 18 13:08:06 +0800 2020,0,556,,"""作品和ikun就是他最好的盔甲，别怪我脸大哈哈cycy"""
爱吃菜菜的土豆,Wed Mar 18 13:05:45 +0800 2020,0,543,,"""坚持热爱"""
artist_kun,Wed Mar 18 13:05:35 +0800 2020,0,542,,"""作品即是他最好的盔甲"""
0802号菜了解一下,Wed Mar 18 13:04:19 +0800 2020,0,536,,"""作品是舞台，也是最好的盔甲 """
安培晴子,Wed Mar 18 13:03:19 +0800 2020,0,528,,"""时间证明一切"""
npc给我红,Wed Mar 18 13:03:17 +0800 2020,0,527,,""""""
你你你_慢点_,Wed Mar 18 13:02:58 +0800 2020,0,523,,""""""
众慕葵葵k,Wed Mar 18 13:02:55 +0800 2020,0,522,,"""说的对"""
Colababe,Wed Mar 18 13:01:02 +0800 2020,0,516,,"""时间会证明一切"""
爱吃菜菜的静儿,Wed Mar 18 13:00:28 +0800 2020,0,512,,"""蔡徐坤优秀"""
菜包丝啊,Wed Mar 18 12:58:39 +0800 2020,0,502,,"""新采访视频"""
Cunk_,Wed Mar 18 12:57:26 +0800 2020,0,496,,"""不要急着回应所有声音 你的作品就是你的舞台"""
相信能吃到这颗糖,Wed Mar 18 12:57:22 +0800 2020,0,493,,"""作品是最硬核的盔甲"""
洋芋couple,Wed Mar 18 12:56:56 +0800 2020,0,488,,"""来啦，蔡pd"""
去吃蔬菜的路上,Wed Mar 18 12:56:29 +0800 2020,0,480,,"""外面的声音打不倒内心的热爱"""
我是一个粉刷匠41,Wed Mar 18 12:56:24 +0800 2020,0,478,,"""还好他走出来了，更加强大"""
葵味软糖_,Wed Mar 18 12:56:23 +0800 2020,0,477,,"""作品就是他最好的盔甲"""
MR-Felice,Wed Mar 18 12:55:47 +0800 2020,0,470,,""""""
跟蔡徐坤有关的粉丝名都取完了,Wed Mar 18 12:55:00 +0800 2020,0,464,,"""优秀的人终会被看见"""
·HardToGet·,Wed Mar 18 12:54:46 +0800 2020,0,461,,""""""
粥粥小猪猪,Wed Mar 18 12:53:59 +0800 2020,0,453,,"""加油积累作品"""
我没烟花绚丽,Wed Mar 18 12:50:41 +0800 2020,0,425,,"""永远寻求突破，永远不懈努力，最终成就闪耀的自己 蔡徐坤一直用作品说话！"""
一百种星辰,Wed Mar 18 12:50:22 +0800 2020,0,419,,"""用作品说话"""
圈儿1018,Wed Mar 18 12:49:22 +0800 2020,0,405,,"""宝贝坤坤。@蔡徐坤 想你"""
一起八月长大,Wed Mar 18 12:47:53 +0800 2020,0,383,,""""""
解忧朱砂痣,Wed Mar 18 12:47:06 +0800 2020,0,359,,"""作品就是他最好的盔甲"""
浮鄢然,Wed Mar 18 12:47:02 +0800 2020,0,355,,"""没错"""
最爱大睿宝,Wed Mar 18 12:46:51 +0800 2020,0,353,,"""你的作品是舞台！作品就是你的盔甲！"""
和蔼的格格巫,Wed Mar 18 12:46:31 +0800 2020,0,348,,"""专注作品专注音乐，这样的蔡徐坤值得光芒万丈"""
暴富葵葵子次牛排0802,Wed Mar 18 12:44:56 +0800 2020,0,315,,"""坚持自己的热爱，花花世界，静守己心"""
ikun王木木,Wed Mar 18 12:44:55 +0800 2020,0,314,,"""蔡徐坤就是我的铠甲"""
开心的小我呗,Wed Mar 18 12:44:47 +0800 2020,0,311,,"""时间会证明一切"""
涐才不会被女孩子欺负,Wed Mar 18 12:43:26 +0800 2020,0,285,,""""""
小廖爱困,Wed Mar 18 12:43:12 +0800 2020,0,281,,"""来了"""
禁欲的守护神,Wed Mar 18 12:43:03 +0800 2020,0,276,,"""被他圈粉，永远不会太晚"""
会脸红的派大星,Wed Mar 18 12:42:58 +0800 2020,0,272,,"""转发微博"""
小坤坤belong蔡奎葵灬,Wed Mar 18 12:42:07 +0800 2020,0,262,,"""舞台就是证明他自己"""
余圈圈最爱Aoi酱,Wed Mar 18 12:41:25 +0800 2020,0,253,,"""时间会证明一切"""
金鱼是哥哥叫的鲸鱼呀,Wed Mar 18 12:40:42 +0800 2020,0,243,,""""""
辣妹不许留胡须,Wed Mar 18 12:40:14 +0800 2020,0,235,,"""Time Will Tell"""
一只小沙鸥,Wed Mar 18 12:39:55 +0800 2020,0,233,,"""作品和舞台！"""
七月慕葵,Wed Mar 18 12:39:31 +0800 2020,0,225,,"""是啊"""
吕泽涵0101,Wed Mar 18 12:39:03 +0800 2020,0,218,,"""蔡徐坤"""
时间证明一切坤,Wed Mar 18 12:39:02 +0800 2020,0,217,,"""蔡徐坤的作品是舞台"""
odet2011,Wed Mar 18 12:38:50 +0800 2020,0,214,,"""如果所有的谣言误解都要去一一回应，那么他就没有时间去完成他的作品，让时间去证明吧！"""
落樱k汐,Wed Mar 18 12:38:37 +0800 2020,0,207,,"""#青2青春制作人代表蔡徐坤# 永远寻求突破，永远不懈努力，最终成就闪耀的自己 蔡徐坤一直用作品说话！"""
被坤困住的美妞妈,Wed Mar 18 12:38:30 +0800 2020,0,204,,"""作品就是盔甲，时间会证明一切"""
奎葵籽油KUN,Wed Mar 18 12:37:00 +0800 2020,0,184,,"""你的作品就是舞台蔡徐坤加油"""
能当热干面的布丁,Wed Mar 18 12:34:35 +0800 2020,0,29,,"""坚持梦想"""
August墨蓝,Wed Mar 18 12:34:24 +0800 2020,0,24,,"""用作品说话的蔡徐坤"""
ZoSimOkkk,Wed Mar 18 12:34:05 +0800 2020,0,20,,""""""
只爱小小菜包,Wed Mar 18 12:33:37 +0800 2020,1,12,,""""""
爱吃花蔡还是爱吃蔡花,Wed Mar 18 12:37:45 +0800 2020,2,192,,"""作品是他最好的盔甲！！舞台就是你的作品！！"""
AK小菜曦瑶,Thu Mar 19 08:33:05 +0800 2020,1,1415,,"""时间证明一切"""
小J很高冷,Wed Mar 18 21:54:44 +0800 2020,1,1335,,"""用时间来证明一切。"""
一只可爱的小熊呀,Wed Mar 18 21:05:55 +0800 2020,1,1297,,""""""
ikun欣欣小猫咪,Wed Mar 18 17:48:39 +0800 2020,1,1088,,"""哇哦"""
白雪葵的七个小矮人,Wed Mar 18 16:25:06 +0800 2020,1,969,,"""🌈你的千军万马来了🌈你的千军万马来了🌈你的千军万马来了🌈你的千军万马来了🌈你的千军万马来了🌈你的千军万马来了🌈你的千军万马来了🌈你的千军万马来了🌈你的千军万马来了🌈你的千军万马来了🌈你的千军万马来了🌈你的千军万马来了🌈你的千军万"""
Kunsbabygirl蓝玫瑰,Wed Mar 18 15:02:48 +0800 2020,1,871,,"""作品就是最好的盔甲"""
搞笑旅行,Wed Mar 18 14:44:25 +0800 2020,1,847,,"""作品即是他最好的盔甲"""
August落落,Wed Mar 18 14:28:26 +0800 2020,1,817,,"""作品就是他最好的盔甲"""
多肉肉肉肉肉呀,Wed Mar 18 14:24:27 +0800 2020,1,807,,"""“不要急着回应所有的声音 你的舞台就是你的作品”"""
甜葵星球_,Wed Mar 18 14:07:00 +0800 2020,1,755,,"""作品就是他最好的盔甲"""
一丝温暖一缕阳光,Wed Mar 18 13:30:05 +0800 2020,1,647,,"""用作品说话"""
廉洁LAY,Wed Mar 18 13:28:46 +0800 2020,1,642,,"""花花世界静守己心"""
Tan的甜心葵,Wed Mar 18 13:23:41 +0800 2020,1,614,,"""不要着急回应所有的声音，你的舞台就是你的作品，@蔡徐坤 一直都在坚持着自己的热爱"""
盐甜奶酪葵,Wed Mar 18 12:49:11 +0800 2020,1,401,,"""作品就是他最好的盔甲"""
爱心妈咪0102,Wed Mar 18 12:47:39 +0800 2020,1,379,,"""时间会证明一切"""
Levana坤,Wed Mar 18 12:46:09 +0800 2020,1,339,,"""时间证明一切"""
莫茜蔹,Wed Mar 18 12:43:04 +0800 2020,1,277,,"""Kun一路成长，做最好的自己"""
萱很爱困,Wed Mar 18 12:42:43 +0800 2020,1,269,,"""作品就是你最好的盔甲，我们一直都在"""
坤的Sophy,Wed Mar 18 12:39:17 +0800 2020,1,224,,"""作品就是他最好的盔甲"""
IKUN晴羽,Wed Mar 18 12:38:21 +0800 2020,1,202,,"""作品是最好盔甲 时间会证明一切的"""
K葵味甜粥_T,Wed Mar 18 12:34:44 +0800 2020,1,32,,"""作品就是他最好的盔甲"""
坤的一根头发,Thu Mar 19 13:47:17 +0800 2020,0,1455,,"""蔡徐坤作品就是他最好的盔甲#青2青春制作人代表蔡徐坤#"""
ZLT_Kun,Thu Mar 19 00:12:55 +0800 2020,0,1400,,"""热爱你的热爱"""
_太阳对我笑,Wed Mar 18 22:42:26 +0800 2020,0,1364,,"""作品就是最好的盔甲"""
wang荷漪,Wed Mar 18 22:24:58 +0800 2020,0,1344,,"""别着急回应所有的声音，你的作品是舞台@蔡徐坤"""
爱dog的猫,Wed Mar 18 22:08:38 +0800 2020,0,1337,,"""作品是最好的盔甲"""
守护一朵小葵花_,Wed Mar 18 21:35:09 +0800 2020,0,1321,,"""❤@蔡徐坤"""
八月恋坤曲,Wed Mar 18 21:28:26 +0800 2020,0,1317,,"""作品就是他的盔甲"""
佳佳de曈曈日,Wed Mar 18 21:26:52 +0800 2020,0,1316,,"""🆒"""
我是你们的情敌,Wed Mar 18 21:13:08 +0800 2020,0,1306,,"""哦哦"""
cxk你好呀,Wed Mar 18 21:04:38 +0800 2020,0,1295,,""""""
htg唯爱坤,Wed Mar 18 20:29:48 +0800 2020,0,1275,,"""蔡徐坤"""
做你怀中的小猫,Wed Mar 18 19:58:14 +0800 2020,0,1248,,"""把自己变的更加强大，坚守那份初心继续前行。"""
芋头牛奶冰葵葵-,Wed Mar 18 19:34:40 +0800 2020,0,1231,,"""坤哥"""
芒果冰味的你啊,Wed Mar 18 19:27:29 +0800 2020,0,1222,,""""""
小困给我欺负一下嘛·,Wed Mar 18 19:18:52 +0800 2020,0,1211,,"""新采访我来了！！"""
是宝宝啊k,Wed Mar 18 19:17:58 +0800 2020,0,1210,,"""酷"""
温迪时代,Wed Mar 18 19:14:33 +0800 2020,0,1208,,""""""
Eleveness0802_,Wed Mar 18 19:12:35 +0800 2020,0,1203,,"""“只要你热爱”"""
阿蕊啊蕊s,Wed Mar 18 18:45:56 +0800 2020,0,1164,,"""蔡徐坤蔡徐坤蔡徐坤蔡徐坤蔡徐坤蔡徐坤蔡徐坤蔡徐坤蔡徐坤蔡徐坤蔡徐坤蔡徐坤蔡徐坤蔡徐坤蔡徐坤蔡徐坤蔡徐坤蔡徐坤蔡徐坤"""
川崎街82号,Wed Mar 18 18:26:55 +0800 2020,0,1137,,"""蔡徐坤"""
柳千仁-zhy,Wed Mar 18 18:21:18 +0800 2020,0,1130,,"""蔡徐坤~~"""
cherry啦啦啦啦啦啦啦啦,Wed Mar 18 18:18:32 +0800 2020,0,1127,,"""蔡徐坤呀"""
蔡老板请多关照,Wed Mar 18 18:10:52 +0800 2020,0,1119,,"""我来当你的铠甲！我来保护好你！我的坤坤让我们一起努力！让我们一起加油！@蔡徐坤"""
每天都困的葵,Wed Mar 18 18:04:25 +0800 2020,0,1108,,"""作品是蔡徐坤最好的盔甲！"""
杜大帅被网络暴力了,Wed Mar 18 17:49:33 +0800 2020,0,1090,,"""真好"""
杜大帅被网络暴力了,Wed Mar 18 17:49:30 +0800 2020,0,1089,,"""棒"""
下雨75489,Wed Mar 18 17:44:42 +0800 2020,0,1083,,""""""
蔡蔡要吃卷心菜,Wed Mar 18 17:14:47 +0800 2020,0,1050,,"""作品就是他最好的铠甲"""
蔡蔡要吃卷心菜,Wed Mar 18 17:14:18 +0800 2020,0,1047,,"""用时间来证明一切"""
蔡蔡要吃卷心菜,Wed Mar 18 17:14:07 +0800 2020,0,1046,,"""永远寻求突破，永远不懈努力，最终成就闪耀的自己 蔡徐坤一直用作品说话！"""
魂与kun,Wed Mar 18 17:10:03 +0800 2020,0,1041,,"""作品是他最好的铠甲"""
听歌的cat,Wed Mar 18 17:08:54 +0800 2020,0,1037,,"""你的作品就是舞台"""
宝贝男孩_KUN,Wed Mar 18 16:49:30 +0800 2020,0,1000,,"""来了"""
蔡徐坤的宝贝xixi,Wed Mar 18 16:43:02 +0800 2020,0,987,,"""作品是他最好的铠甲"""
Miss冉小冉顾虑好多,Wed Mar 18 16:24:51 +0800 2020,0,967,,"""真的很棒蔡徐坤"""
麻豆and小lion,Wed Mar 18 15:53:31 +0800 2020,0,944,,"""他越来越稳重从容了"""
女神纽约迷情冷,Wed Mar 18 15:51:11 +0800 2020,0,942,,"""我喜欢你，是因为你认真，有主见，温柔体贴，阳光爱笑，而不只是因为你的脸，你的body@蔡徐坤"""
竹影箫音_liuhaimin,Wed Mar 18 15:35:34 +0800 2020,0,924,,""""""
羊歪歪了,Wed Mar 18 15:28:56 +0800 2020,0,916,,"""全速跑来！"""
你我那个他1987,Wed Mar 18 15:26:50 +0800 2020,0,914,,"""坚持热爱，热血而上"""
_AugustK幼恩,Wed Mar 18 15:24:17 +0800 2020,0,908,,"""蔡徐坤"""
奶油SUDA,Wed Mar 18 15:21:12 +0800 2020,0,899,,"""温柔以待"""
葵葵宝贝十里樱,Wed Mar 18 15:07:40 +0800 2020,0,883,,"""作品是他最好的盔甲"""
葵葵宝贝十里樱,Wed Mar 18 15:02:26 +0800 2020,0,870,,"""用时间来证明一切"""
穿Prada吃蛋炒饭的姜葵奎,Wed Mar 18 14:56:32 +0800 2020,0,865,,"""蔡徐坤"""
狮子座的葵花802,Wed Mar 18 14:54:04 +0800 2020,0,861,,"""加油"""
喜欢每一个你K,Wed Mar 18 14:45:19 +0800 2020,0,848,,"""帅气"""
一只爱哭的喵CC,Wed Mar 18 14:27:26 +0800 2020,0,815,,"""前进的脚步没有停下@蔡徐坤"""
我滴坤_Gug,Wed Mar 18 14:24:45 +0800 2020,0,809,,"""作品就是他最好的盔甲"""
roppinll_,Wed Mar 18 14:24:31 +0800 2020,0,808,,"""慢慢来吧 时间会证明一切"""
802无人岛之歌,Wed Mar 18 14:20:33 +0800 2020,0,795,,"""蔡徐坤时间会证明"""
古文观止KK,Wed Mar 18 14:17:03 +0800 2020,0,778,,"""坚守自己的热爱！"""
chokabgsjznbzhamansbsbjs,Wed Mar 18 14:12:21 +0800 2020,0,767,,"""作品是他最好的盔甲！时间会证明一切"""
嘿嘿爱你哦520,Wed Mar 18 13:54:45 +0800 2020,0,722,,"""越来越好"""
dndhdbj,Wed Mar 18 13:54:25 +0800 2020,0,720,,"""蔡徐坤"""
August_微醺,Wed Mar 18 13:53:59 +0800 2020,0,718,,"""舞台就是作品"""
活泼可爱的妹妹,Wed Mar 18 13:51:00 +0800 2020,0,707,,"""热爱无所畏惧@蔡徐坤"""
钮钴禄浪里白票AK,Wed Mar 18 13:50:29 +0800 2020,0,706,,"""真的很棒入股不亏"""
是小小朋友呐,Wed Mar 18 13:47:39 +0800 2020,0,697,,"""感谢分享"""
海棠是个爱困女孩,Wed Mar 18 13:42:17 +0800 2020,0,685,,""""""
葵妈溺爱小菜菜,Wed Mar 18 13:39:13 +0800 2020,0,677,,"""作品是会永远保留下来的"""
偶像肥宅企鹅妾,Wed Mar 18 13:35:58 +0800 2020,0,662,,"""？你也开始了"""
懒尤溪,Wed Mar 18 13:31:15 +0800 2020,0,651,,"""upupup"""
貓也看不見,Wed Mar 18 13:29:49 +0800 2020,0,646,,"""蔡pd很棒"""
葵葵gui,Wed Mar 25 09:46:24 +0800 2020,0,1463,,"""♥"""
八月双皮奶,Tue Mar 24 21:00:00 +0800 2020,0,1462,,"""作品即是他最好的盔甲"""
Shoringz,Fri Mar 20 16:39:53 +0800 2020,0,1461,,"""好棒啊"""
likun13,Thu Mar 19 19:43:36 +0800 2020,0,1460,,"""加油"""
张小缺v,Thu Mar 19 19:42:25 +0800 2020,0,1459,,"""作品是他最好的盔甲"""
HyKGe,Thu Mar 19 17:44:44 +0800 2020,0,1458,,"""时间会证明一切"""
暖暖的ky,Thu Mar 19 16:15:09 +0800 2020,0,1457,,"""@蔡徐坤 👍"""
小葵花Yin,Thu Mar 19 14:46:59 +0800 2020,0,1456,,"""蔡徐坤"""
芷i坤,Thu Mar 19 13:38:27 +0800 2020,0,1454,,"""！"""
小基炖蘑菇啦,Thu Mar 19 13:31:13 +0800 2020,0,1453,,"""我的天好可怕"""
Review27790,Thu Mar 19 12:28:16 +0800 2020,0,1452,,"""蔡徐坤蔡徐坤"""
大奎制霸,Thu Mar 19 12:22:07 +0800 2020,0,1451,,"""花花世界静守已心蔡徐坤#蔡徐坤# #蔡徐坤用打火机当蜡烛#"""
十六喜欢酷,Thu Mar 19 11:56:46 +0800 2020,0,1450,,""""""
小坤的仙子,Thu Mar 19 11:02:36 +0800 2020,0,1449,,"""作品就是他最好的盔甲"""
ekeym,Thu Mar 19 10:45:56 +0800 2020,0,1448,,"""蔡徐坤蔡徐坤蔡徐坤"""
叫燃燃的ikun,Thu Mar 19 10:45:13 +0800 2020,0,1447,,"""蔡徐坤"""
Desjjd,Thu Mar 19 10:45:06 +0800 2020,0,1446,,"""蔡徐坤"""
第2杯奶昊半价-na,Thu Mar 19 10:45:00 +0800 2020,0,1445,,"""蔡徐坤"""
爱死C倩了,Thu Mar 19 10:41:36 +0800 2020,0,1442,,"""蔡徐坤"""
张果果20001014,Thu Mar 19 10:41:24 +0800 2020,0,1441,,"""蔡徐坤"""
一口酸奶呀,Thu Mar 19 10:16:10 +0800 2020,0,1438,,"""kun"""
壹壹肆肆,Thu Mar 19 10:06:07 +0800 2020,0,1434,,"""蔡徐坤"""
白茶甜葵,Thu Mar 19 10:05:14 +0800 2020,0,1433,,"""蔡徐坤"""
一山烬,Thu Mar 19 10:02:01 +0800 2020,0,1432,,"""蔡徐坤"""
Augshmily,Thu Mar 19 10:01:12 +0800 2020,0,1431,,"""蔡徐坤"""
蔡小葵AK0802,Thu Mar 19 10:00:47 +0800 2020,0,1430,,"""蔡徐坤"""
-OOooox,Thu Mar 19 10:00:30 +0800 2020,0,1429,,"""蔡徐坤"""
海遥的宝贝是小葵,Thu Mar 19 09:59:28 +0800 2020,0,1428,,"""cxk  巨c"""
ikun加杨家将,Thu Mar 19 09:41:16 +0800 2020,0,1427,,"""希望能回访"""
坤家bigger,Thu Mar 19 09:19:38 +0800 2020,0,1425,,"""蔡徐坤"""
k静守己心d,Thu Mar 19 09:19:25 +0800 2020,0,1424,,"""来了"""
kun的女孩不,Thu Mar 19 09:18:24 +0800 2020,0,1422,,"""蔡徐坤"""
陶佳悦蔡徐坤,Thu Mar 19 09:16:18 +0800 2020,0,1420,,"""蔡徐坤"""
kun的小猫咪199903,Thu Mar 19 09:15:30 +0800 2020,0,1419,,"""来了"""
随便一个名字d,Thu Mar 19 09:11:40 +0800 2020,0,1418,,"""来了"""
焕焕是美女,Thu Mar 19 08:55:45 +0800 2020,0,1417,,"""“不用着急的去回应所有声音，你的作品就是你的舞台”——蔡徐坤"""
偷星女孩34620,Thu Mar 19 08:25:56 +0800 2020,0,1414,,"""蔡徐坤"""
古古怪怪小星星,Thu Mar 19 08:21:01 +0800 2020,0,1413,,"""一起守护他吧！"""
宝宝三岁不能更多了,Thu Mar 19 08:04:08 +0800 2020,0,1412,,"""只要一个人的内心非常强大，那么等他走到人生之途的某一段时，当他回头看去，他会猛然意识到，原来那些好的、不好的经历都在成就一个更优秀的自己。亲爱的@蔡徐坤 蔡徐坤 #蔡徐坤 青你2制作人代表#"""
蔡小葵ikun0612,Thu Mar 19 07:52:58 +0800 2020,0,1410,,"""蔡徐坤"""
过期奶昔也超甜,Thu Mar 19 07:50:00 +0800 2020,0,1409,,"""蔡徐坤"""
渡我被身子cwq,Thu Mar 19 07:49:24 +0800 2020,0,1408,,"""真的很不容易，加油吧"""
榆栀yang,Thu Mar 19 07:03:21 +0800 2020,0,1407,,"""蔡徐坤"""
爱KunandJay,Thu Mar 19 07:02:06 +0800 2020,0,1406,,"""感谢分享"""
一只会飞的鱼儿y,Thu Mar 19 00:54:55 +0800 2020,0,1403,,"""不忘初心！"""
KUN_慧宝贝儿,Thu Mar 19 00:24:46 +0800 2020,0,1401,,"""用舞台作品来说话，比用语言更有魅力，蔡徐坤"""
蔡先生溢起走花路吧,Thu Mar 19 00:06:38 +0800 2020,0,1399,,"""蔡徐坤"""
LoveKUN的草央R,Thu Mar 19 00:04:48 +0800 2020,0,1398,,"""作品就是他最好的盔甲"""
龙蜒若雪,Wed Mar 18 23:50:44 +0800 2020,0,1397,,"""你的作品是舞台！"""
Xi坤-吧唧吧唧,Wed Mar 18 23:47:31 +0800 2020,0,1396,,"""很庆幸在那个时候就遇见了他"""
落星飞羽_RICXK,Wed Mar 18 23:43:34 +0800 2020,0,1393,,"""因为热爱"""
康41114,Wed Mar 18 23:42:48 +0800 2020,0,1392,,"""你会得到糖"""
抓草木叶·,Wed Mar 18 23:39:30 +0800 2020,0,1390,,"""蔡徐坤"""
kun_葵酥曲奇饼,Wed Mar 18 23:36:59 +0800 2020,0,1389,,"""蔡徐坤"""
九宫格火锅k,Wed Mar 18 23:36:10 +0800 2020,0,1388,,"""蔡徐坤"""
七月份泡菜,Wed Mar 18 23:35:24 +0800 2020,0,1387,,"""蔡徐坤"""
Siamese-fighting,Wed Mar 18 23:34:39 +0800 2020,0,1386,,"""就是nice"""
葵里奎气的坤坤,Wed Mar 18 23:33:30 +0800 2020,0,1385,,"""坚持自己所爱"""
垿浀落後,Wed Mar 18 23:28:55 +0800 2020,0,1384,,""""""
夢想是每天能睡懶覺,Wed Mar 18 23:26:17 +0800 2020,0,1383,,"""我怎么才看到"""
失眠不存在的,Wed Mar 18 23:21:22 +0800 2020,0,1382,,"""会有他的天地我相信"""
蔡好好吖,Wed Mar 18 23:11:54 +0800 2020,0,1381,,"""你的作品就是你的舞台#青2青春制作人代表蔡徐坤#"""
熱心網友丶kun,Wed Mar 18 23:06:51 +0800 2020,0,1380,,"""坤"""
芹菜炒牛肉和芒果冰沙,Wed Mar 18 23:06:08 +0800 2020,0,1379,,"""静守己心"""
坤坤的超级AK,Wed Mar 18 23:05:24 +0800 2020,0,1377,,"""爱他就要给他最好的"""
坤坤的超级AK,Wed Mar 18 23:05:12 +0800 2020,0,1376,,"""蔡徐坤"""
九月_top,Wed Mar 18 23:05:11 +0800 2020,0,1375,,""""""
kun的姐姐粉,Wed Mar 18 22:59:33 +0800 2020,0,1373,,"""#蔡徐坤 青你2制作人代表# cxk#青2青春制作人代表蔡徐坤# 因为热爱"""
Arab-Lee,Wed Mar 18 22:56:34 +0800 2020,0,1370,,"""作品就是他最好的盔甲蔡徐坤"""
黛曦還卿,Wed Mar 18 22:54:25 +0800 2020,0,1369,,"""用作品证明一切"""
为坤坤摘月,Wed Mar 18 22:54:21 +0800 2020,0,1368,,"""作品就是最好的盔甲，加油！"""
冰淇凌色小香草,Wed Mar 18 22:49:39 +0800 2020,0,1367,,"""舞台就是作品"""
木白的菜小菜,Wed Mar 18 22:46:55 +0800 2020,0,1366,,"""加油，蔡徐坤❤️#青2青春制作人代表蔡徐坤# #蔡徐坤VogueMe封面#"""
一只小企鹅的妈妈,Wed Mar 18 22:44:28 +0800 2020,0,1365,,"""很棒"""
promise_KK,Wed Mar 18 22:38:34 +0800 2020,0,1362,,"""哇加油"""
promise_KK,Wed Mar 18 22:38:32 +0800 2020,0,1361,,"""哇"""
芋圆4号小困奶,Wed Mar 18 22:38:19 +0800 2020,0,1360,,"""作品就是他最好的盔甲"""
六爷情报局,Wed Mar 18 22:37:39 +0800 2020,0,1359,,"""真的不忘初心"""
守护小狮子的除草师,Wed Mar 18 22:37:18 +0800 2020,0,1358,,""""""
温暖的太阳花,Wed Mar 18 22:35:39 +0800 2020,0,1356,,"""K"""
August的花衬衫,Wed Mar 18 22:35:13 +0800 2020,0,1355,,"""好爱蔡徐坤哦"""
阮软Dream,Wed Mar 18 22:34:37 +0800 2020,0,1354,,"""蔡徐坤"""
菜菜的葵葵802,Wed Mar 18 22:33:38 +0800 2020,0,1353,,"""来了"""
有脾气缪斯姐,Wed Mar 18 22:33:03 +0800 2020,0,1352,,"""作品就是舞台"""
Y晨H曦Y,Wed Mar 18 22:32:50 +0800 2020,0,1351,,"""作品就是他最好的盔甲"""
辰辰小叮当,Wed Mar 18 22:32:08 +0800 2020,0,1350,,"""来了"""
摸鲨鱼的jiao0802,Wed Mar 18 22:29:33 +0800 2020,0,1349,,"""来了"""
无敌喜欢小蔡,Wed Mar 18 22:26:43 +0800 2020,0,1348,,"""坚持热爱，无惧流言。蔡徐坤，你是最棒的。冲鸭"""
奶团香糯小甜葵,Wed Mar 18 22:26:36 +0800 2020,0,1347,,"""时间证明一切"""
水也栘枍,Wed Mar 18 22:25:20 +0800 2020,0,1346,,"""期待"""
双双Kkk,Wed Mar 18 22:25:20 +0800 2020,0,1345,,"""💛"""
葵圈小十七,Wed Mar 18 22:24:49 +0800 2020,0,1343,,"""作品就是他最好的盔甲cxk@蔡徐坤"""
雁字归时月满楼K,Wed Mar 18 22:15:48 +0800 2020,0,1341,,"""相信他"""
小狐狸每天爱蔡蔡,Wed Mar 18 22:14:46 +0800 2020,0,1340,,"""转发微博"""
KUN的浮浮,Wed Mar 18 22:14:26 +0800 2020,0,1339,,"""期待"""
Tracy涵小虾,Wed Mar 18 22:06:45 +0800 2020,0,1336,,"""说的好！作品即是盔甲"""
坤儿女友,Wed Mar 18 21:50:51 +0800 2020,1,1334,,"""我的男孩终于回来了"""
软绵绵O泪酱,Wed Mar 18 21:49:36 +0800 2020,0,1333,,"""你的作品是舞台"""
葵葵好困阿,Wed Mar 18 21:46:07 +0800 2020,0,1332,,""""""
葵宝吃饭了吗3,Wed Mar 18 21:45:10 +0800 2020,0,1330,,"""转发微博"""
盼薰薇-December,Wed Mar 18 21:42:08 +0800 2020,0,1327,,"""来啦来啦"""
ikun20051224,Wed Mar 18 21:38:46 +0800 2020,0,1326,,"""用时间来证明一切，用作品来回答！"""
123成人礼kun,Wed Mar 18 21:38:19 +0800 2020,0,1325,,"""爱他的舞台，每次都看不够，所以作品真的是他最能打的！@蔡徐坤"""
A_蔡徐坤,Wed Mar 18 21:38:15 +0800 2020,0,1324,,"""未来可期@蔡徐坤 蔡徐坤"""
iii巨c,Wed Mar 18 21:36:47 +0800 2020,0,1323,,"""嗯嗯对"""
bluecxi,Wed Mar 18 21:29:34 +0800 2020,0,1320,,"""来了"""
钟意Mr蔡,Wed Mar 18 21:29:32 +0800 2020,0,1319,,"""作品就是他最好的盔甲"""
玫瑰野里,Wed Mar 18 21:28:46 +0800 2020,0,1318,,"""蔡徐坤"""
就是偏爱蔡徐坤,Wed Mar 18 21:23:16 +0800 2020,0,1315,,"""看到他闪光的盔甲"""
葵葵太可爱了,Wed Mar 18 21:23:15 +0800 2020,0,1314,,"""时间会证明一切"""
听说是这样123456,Wed Mar 18 21:17:35 +0800 2020,0,1313,,"""蔡徐坤"""
还是牛奶呐,Wed Mar 18 21:17:05 +0800 2020,0,1311,,"""作品就是他最好的盔甲💛"""
心随坤萌动,Wed Mar 18 21:16:25 +0800 2020,0,1310,,"""蔡徐坤同学的成长很热血"""
风云来不来,Wed Mar 18 21:15:55 +0800 2020,0,1309,,"""嗯"""
s恋heart,Wed Mar 18 21:14:33 +0800 2020,0,1307,,"""作品就是最好的盔甲"""
星星_都不在,Wed Mar 18 21:12:51 +0800 2020,0,1305,,""""""
淡粉玛格丽特L,Wed Mar 18 21:12:00 +0800 2020,0,1304,,""""""
菜地里的奥利奥,Wed Mar 18 21:11:31 +0800 2020,0,1303,,"""哇 新鲜坤哥"""
听说是静静地,Wed Mar 18 21:11:18 +0800 2020,0,1302,,"""蔡徐坤"""
坤坤崽崽521,Wed Mar 18 21:10:24 +0800 2020,0,1301,,"""因为热爱所以无所畏惧，作品就是最好的证明"""
小糖水阿叮,Wed Mar 18 21:06:17 +0800 2020,0,1298,,"""帅哭了"""
亲亲园中葵_KUN,Wed Mar 18 21:05:06 +0800 2020,0,1296,,"""蔡徐坤"""
小张怎么还没男朋友,Wed Mar 18 21:03:12 +0800 2020,0,1293,,"""作品就是最好的盔甲。"""
人间的八月,Wed Mar 18 20:58:27 +0800 2020,0,1291,,"""蔡徐坤"""
蔡汤包,Wed Mar 18 20:57:40 +0800 2020,0,1290,,"""蔡徐坤"""
梧桐树下一个蔡徐坤,Wed Mar 18 20:57:05 +0800 2020,0,1289,,"""蔡徐坤"""
香菜的贝贝,Wed Mar 18 20:54:24 +0800 2020,0,1288,,"""作品就是最好的回应"""
蔡坤超A,Wed Mar 18 20:40:26 +0800 2020,0,1285,,"""迟早有一天 我会穿越人海到你面前 亲口说出埋藏多年的爱意"""
奶葵的可乐泡812,Wed Mar 18 20:40:23 +0800 2020,0,1284,,"""蔡徐坤"""
家居猫qq,Wed Mar 18 20:39:28 +0800 2020,0,1283,,"""赞了又赞蔡徐坤"""
AZLLD,Wed Mar 18 20:38:02 +0800 2020,0,1282,,"""未来可期"""
爱坤更爱葵,Wed Mar 18 20:36:32 +0800 2020,0,1281,,"""蔡徐坤"""
不爱吃瓜的佛系追星boy,Wed Mar 18 20:33:06 +0800 2020,0,1279,,""""""
葵葵的痣0802,Wed Mar 18 20:30:30 +0800 2020,0,1276,,"""来了"""
蔡徐坤的蔷薇花园,Wed Mar 18 20:28:52 +0800 2020,1,1274,,"""好喜欢"""
LOVECT2004922,Wed Mar 18 20:28:22 +0800 2020,0,1273,,"""蔡徐坤"""
唯爱我坤2767,Wed Mar 18 20:26:43 +0800 2020,0,1272,,"""作品就是他最好的盔甲"""
SUGAR-葵,Wed Mar 18 20:26:40 +0800 2020,0,1271,,"""他真的有太多瞬间，让人觉得有着超乎年龄的成熟"""
sugarme520,Wed Mar 18 20:25:46 +0800 2020,0,1270,,""""""
青春有蔡,Wed Mar 18 20:20:17 +0800 2020,0,1268,,"""坤坤"""
梦想进行曲与牛同行,Wed Mar 18 20:14:08 +0800 2020,0,1266,,"""蔡徐坤很棒"""
骑行葱长,Wed Mar 18 20:14:05 +0800 2020,0,1265,,"""很棒"""
妮妮摔了一跤变泥泥酱,Wed Mar 18 20:13:25 +0800 2020,0,1263,,"""蔡徐坤"""
走过139的累,Wed Mar 18 20:12:22 +0800 2020,0,1262,,"""这就是做自己喜欢的事，让别人去说吧😄"""
迟月bc,Wed Mar 18 20:10:45 +0800 2020,0,1260,,"""蔡徐坤"""
zpzq2019,Wed Mar 18 20:07:39 +0800 2020,0,1258,,""""""
爱葵护葵的妈咪,Wed Mar 18 20:05:51 +0800 2020,0,1257,,""""""
网名难听别念,Wed Mar 18 20:05:14 +0800 2020,0,1256,,"""蔡徐坤"""
Regina---L_ikun,Wed Mar 18 20:04:08 +0800 2020,0,1255,,"""因为热爱，所以无惧"""
only蔡先生,Wed Mar 18 20:01:57 +0800 2020,0,1254,,"""蔡徐坤"""
超喜欢坤坤呢,Wed Mar 18 20:01:41 +0800 2020,0,1253,,"""坤"""
____Red777,Wed Mar 18 19:59:45 +0800 2020,0,1252,,"""通透的小蔡"""
坤坤的妈妈粉之一,Wed Mar 18 19:59:14 +0800 2020,0,1251,,"""#青2青春制作人代表蔡徐坤# #Prada代言人蔡徐坤# //@·802LY·U星葵倾·:坚守热爱，用作品回应争议。用心做好每一个舞台，认真对待每一首音乐。时间会证明一切，用作品来说话。蔡徐坤很棒！！！"""
坤坤的妈妈粉之一,Wed Mar 18 19:58:57 +0800 2020,0,1250,,"""#青2青春制作人代表蔡徐坤# #Prada代言人蔡徐坤# //@August_紫菜包饭:你的作品就是你最好的盔甲，一切其他的东西都将转瞬消逝，只有你的盔甲会陪着你战斗到最后一刻。试着去聆听他的作品，试着去体会他的经历，你一定会对他有新的看法。蔡徐坤，值得喜爱！"""
82葵花籽1998,Wed Mar 18 19:58:39 +0800 2020,0,1249,,"""(⊙o⊙)哇来了"""
Sat1sfy丶me,Wed Mar 18 19:53:46 +0800 2020,0,1247,,"""蔡徐坤"""
Sat1sfy丶me,Wed Mar 18 19:53:43 +0800 2020,0,1246,,"""很棒"""
IKUN浅陌初心黛,Wed Mar 18 19:49:34 +0800 2020,0,1245,,"""永远寻求突破，永远不懈努力，最终成就闪耀的自己 蔡徐坤一直用作品说话！@蔡徐坤"""
鑫淼小公主ikun,Wed Mar 18 19:42:37 +0800 2020,0,1243,,"""蔡徐坤"""
小白鼠养喵,Wed Mar 18 19:40:40 +0800 2020,0,1241,,"""转发微博"""
妈妈好想菜菜,Wed Mar 18 19:37:53 +0800 2020,0,1239,,""""""
无厘头阿陌,Wed Mar 18 19:37:14 +0800 2020,0,1237,,"""蔡徐坤"""
沫89014,Wed Mar 18 19:36:56 +0800 2020,0,1236,,"""蔡徐坤"""
葵葵_温柔,Wed Mar 18 19:35:26 +0800 2020,0,1232,,"""蔡徐坤"""
小可奈爱7香菜,Wed Mar 18 19:33:11 +0800 2020,0,1230,,"""蔡徐坤"""
想捏你的小胖脸,Wed Mar 18 19:30:35 +0800 2020,0,1228,,""""""
802号玫瑰花圃,Wed Mar 18 19:29:58 +0800 2020,0,1227,,"""来啦！"""
梦洁爱坤坤,Wed Mar 18 19:28:24 +0800 2020,0,1226,,"""哥哥"""
梦洁爱坤坤,Wed Mar 18 19:28:20 +0800 2020,0,1225,,"""蔡徐坤"""
梦洁爱坤坤,Wed Mar 18 19:28:15 +0800 2020,0,1224,,"""cxk"""
只要葵葵,Wed Mar 18 19:27:36 +0800 2020,0,1223,,"""时间会证明一切"""
只要葵葵,Wed Mar 18 19:27:24 +0800 2020,0,1221,,"""蔡徐坤"""
CXK小芒果啊,Wed Mar 18 19:27:20 +0800 2020,0,1220,,"""蔡徐坤"""
蔡蔡蔡蔡蔡47382,Wed Mar 18 19:26:20 +0800 2020,0,1219,,"""蔡徐坤"""
腾空的小宇宙,Wed Mar 18 19:25:19 +0800 2020,0,1218,,"""蔡徐坤"""
爱心策LOVE,Wed Mar 18 19:24:09 +0800 2020,0,1217,,""""""
木易三水一米田,Wed Mar 18 19:23:33 +0800 2020,1,1216,,"""用时间来证明一切"""
田爱菜的猫十三,Wed Mar 18 19:21:11 +0800 2020,0,1215,,"""蔡徐坤cxk 巨C"""
心动起源蔡徐坤,Wed Mar 18 19:19:27 +0800 2020,0,1213,,"""蔡徐坤"""
倩坤大挪移AK,Wed Mar 18 19:18:58 +0800 2020,0,1212,,"""蔡徐坤"""
相余一昕,Wed Mar 18 19:17:57 +0800 2020,0,1209,,""""""
用户ID123,Wed Mar 18 19:14:09 +0800 2020,0,1206,,"""转发微博"""
把小葵塞进兜里,Wed Mar 18 19:12:39 +0800 2020,0,1204,,"""我爱坤哥"""
nice浅浅71538,Wed Mar 18 19:12:09 +0800 2020,0,1202,,"""转发微博"""
ytbg3721,Wed Mar 18 19:12:05 +0800 2020,0,1201,,"""蔡徐坤"""
萌萌03065,Wed Mar 18 19:11:55 +0800 2020,0,1200,,"""蔡徐坤说过，你的作品是你的舞台，蔡徐坤一直都在做这一件事"""
你的葵宝大人K,Wed Mar 18 19:11:50 +0800 2020,0,1199,,"""蔡徐坤"""
吃瓜网友0802,Wed Mar 18 19:10:24 +0800 2020,0,1198,,"""kun"""
不困爱吃蛋炒饭,Wed Mar 18 19:07:56 +0800 2020,0,1196,,""""""
葵气0802,Wed Mar 18 19:06:26 +0800 2020,0,1195,,"""蔡徐坤"""
蔡徐坤的听说很多,Wed Mar 18 19:06:25 +0800 2020,0,1194,,"""认真对待每一件事@蔡徐坤"""
蔚以沫,Wed Mar 18 19:06:10 +0800 2020,0,1193,,"""蔡徐坤"""
最爱我的萌宝贝1,Wed Mar 18 19:05:41 +0800 2020,0,1192,,"""#蔡徐坤 青你2制作人代表# cxk#青2青春制作人代表蔡徐坤# 因为热爱，所以无畏"""
Lucky西子葵葵,Wed Mar 18 19:05:00 +0800 2020,0,1190,,"""很棒"""
吧唧一口奶葵吶,Wed Mar 18 19:02:33 +0800 2020,0,1188,,"""蔡徐坤"""
大白熊kk,Wed Mar 18 19:02:05 +0800 2020,0,1187,,"""蔡徐坤"""
会吐泡泡的瑜崽,Wed Mar 18 19:00:32 +0800 2020,0,1185,,"""蔡徐坤"""
树妈的葵奎一起向前走,Wed Mar 18 18:59:23 +0800 2020,0,1184,,"""好棒"""
KUNyiKUNyi,Wed Mar 18 18:59:18 +0800 2020,0,1183,,"""蔡徐坤"""
树妈的葵奎一起向前走,Wed Mar 18 18:59:06 +0800 2020,0,1182,,"""用作品证明一切"""
MewmewmeW__,Wed Mar 18 18:59:01 +0800 2020,0,1181,,"""@蔡徐坤 作品即是他最好的盔甲#vogueme用爱发电#"""
树妈的葵奎一起向前走,Wed Mar 18 18:58:57 +0800 2020,0,1180,,"""坚持所爱！"""
树妈的葵奎一起向前走,Wed Mar 18 18:58:40 +0800 2020,0,1179,,"""唯有热爱"""
LYOU12696,Wed Mar 18 18:56:51 +0800 2020,0,1178,,"""对自己狠的人不成功都难"""
茈系,Wed Mar 18 18:55:35 +0800 2020,0,1177,,"""蔡徐坤"""
奶味小葵鸭,Wed Mar 18 18:55:02 +0800 2020,0,1176,,"""蔡徐坤"""
K很困,Wed Mar 18 18:54:49 +0800 2020,0,1175,,"""蔡徐坤"""
小坤是小蕊哒,Wed Mar 18 18:54:44 +0800 2020,0,1174,,"""坤"""
芒果冰女孩ik23,Wed Mar 18 18:54:19 +0800 2020,0,1173,,"""棒棒哒"""
玫瑰与飞鸟_,Wed Mar 18 18:52:31 +0800 2020,0,1171,,""""""
奶坤小香,Wed Mar 18 18:49:45 +0800 2020,0,1170,,"""作品是他最好的盔甲"""
搜寻月亮,Wed Mar 18 18:49:06 +0800 2020,0,1169,,""""""
酱酱酱酱酱有你,Wed Mar 18 18:47:37 +0800 2020,0,1168,,"""👍👍#青2青春制作人代表蔡徐坤#cxk#蔡徐坤 青你2制作人代表#"""
聚散1019,Wed Mar 18 18:47:33 +0800 2020,0,1167,,"""坤"""
2020菜菜要平安喜乐哦,Wed Mar 18 18:47:23 +0800 2020,0,1166,,"""蔡徐坤  cxk  巨C"""
802的葵奎,Wed Mar 18 18:44:44 +0800 2020,0,1163,,"""蔡徐坤"""
kun宝藏,Wed Mar 18 18:43:25 +0800 2020,0,1162,,"""蔡徐坤蔡徐坤"""
与坤哥坠入爱河,Wed Mar 18 18:42:59 +0800 2020,0,1161,,"""蔡徐坤"""
葵葵烟火,Wed Mar 18 18:42:31 +0800 2020,0,1158,,"""蔡徐坤"""
大河向困流哇,Wed Mar 18 18:42:25 +0800 2020,0,1157,,"""“不要着急着回应所有声音”"""
蔡徐坤纯粉_Sonw,Wed Mar 18 18:40:22 +0800 2020,0,1156,,"""蔡徐坤 说的就是 没有作品 你再强都是白整 只有作品留下 才可以一传百世"""
凌曦KUN,Wed Mar 18 18:39:42 +0800 2020,0,1155,,"""作品是最好的铠甲，亦是最美的展现。"""
e爱小蔡宝贝,Wed Mar 18 18:38:56 +0800 2020,0,1154,,"""蔡徐坤"""
不受约束的_喵星人,Wed Mar 18 18:38:34 +0800 2020,0,1153,,"""他的作品就是舞台"""
咱家小蔡蔡,Wed Mar 18 18:38:15 +0800 2020,0,1152,,"""蔡徐坤"""
全世界最爱你困酱,Wed Mar 18 18:37:09 +0800 2020,0,1151,,"""宝贝我来啦"""
在802星球炼丹呀,Wed Mar 18 18:36:15 +0800 2020,0,1149,,"""不是，这么短的么.."""
酥菜包困困,Wed Mar 18 18:36:00 +0800 2020,0,1148,,"""“作品就是他最好的盔甲”"""
2蔡可爱小葵,Wed Mar 18 18:34:18 +0800 2020,0,1147,,"""蔡pd👏👏👏#青2青春制作人代表蔡徐坤#cxk#蔡徐坤 青你2制作人代表#"""
会动的小葵花耶,Wed Mar 18 18:34:13 +0800 2020,0,1146,,"""蔡徐坤"""
小桃想吃糖,Wed Mar 18 18:32:01 +0800 2020,0,1145,,"""蔡徐坤"""
空想小蘑菇云,Wed Mar 18 18:31:49 +0800 2020,0,1144,,"""转发微博"""
网名就叫保鲜膜,Wed Mar 18 18:30:35 +0800 2020,0,1143,,"""蔡徐坤"""
八月葵仔,Wed Mar 18 18:30:02 +0800 2020,0,1142,,"""作品是他最好的盔甲"""
m雅睫-seven,Wed Mar 18 18:29:49 +0800 2020,0,1141,,"""蔡徐坤优秀"""
红尘巷陌yuan,Wed Mar 18 18:28:12 +0800 2020,0,1140,,"""蔡徐坤 cxk"""
古叻kun,Wed Mar 18 18:27:28 +0800 2020,0,1139,,"""蔡徐坤棒棒棒"""
蔡82奎奎1,Wed Mar 18 18:27:23 +0800 2020,0,1138,,"""😘😘😘#青2青春制作人代表蔡徐坤#cxk#蔡徐坤 青你2制作人代表#"""
CHENYUANloveXK,Wed Mar 18 18:25:14 +0800 2020,0,1136,,"""蔡徐坤"""
蔡小葵oqo,Wed Mar 18 18:25:08 +0800 2020,0,1134,,"""蔡徐坤"""
蔡蔡菜菜0802,Wed Mar 18 18:22:19 +0800 2020,0,1132,,"""作品就是最好的盔甲"""
芒果西瓜大软糖,Wed Mar 18 18:22:07 +0800 2020,0,1131,,"""蔡徐坤未来可期"""
Kun小蜜蜂,Wed Mar 18 18:15:35 +0800 2020,0,1126,,"""蔡徐坤"""
小葵嘴边的话筒,Wed Mar 18 18:15:18 +0800 2020,0,1125,,"""啊啊啊啊啊我来了"""
黑-泥-,Wed Mar 18 18:14:35 +0800 2020,0,1124,,"""作品就是他最好的盔甲"""
葵崽的小饼干,Wed Mar 18 18:14:23 +0800 2020,0,1123,,"""热爱不变，初心不改"""
巴拉巴拉AK小奇,Wed Mar 18 18:13:59 +0800 2020,0,1122,,"""图片评论 评论配图"""
Zoe_dd_121,Wed Mar 18 18:13:11 +0800 2020,0,1121,,"""“不要着急回应所有声音” 做好你的舞台你的作品就是无声且最有力 最掷地有声的反击[加油]"""
木恋小困802,Wed Mar 18 18:11:13 +0800 2020,0,1120,,"""蔡徐坤"""
哒哒的葵,Wed Mar 18 18:10:02 +0800 2020,0,1116,,"""作品是铠甲也是答案"""
佳佳耐小葵,Wed Mar 18 18:08:42 +0800 2020,0,1114,,"""蔡徐坤"""
守护小狮子的老树33,Wed Mar 18 18:07:51 +0800 2020,0,1113,,"""用作品证明一切"""
守护小狮子的老树33,Wed Mar 18 18:07:43 +0800 2020,0,1112,,"""用时间证明一切"""
守护小狮子的老树33,Wed Mar 18 18:07:18 +0800 2020,0,1111,,"""时间在变，唯有热爱不变"""
DreamingGirlz,Wed Mar 18 18:04:52 +0800 2020,0,1110,,"""作品就是最好的铠甲，时间会证明一切，那些打不倒你的终会成就更优秀强大的你"""
小包子是坤坤,Wed Mar 18 18:04:51 +0800 2020,0,1109,,"""11"""
彡食划,Wed Mar 18 18:04:21 +0800 2020,0,1107,,"""#青2青春制作人代表蔡徐坤# 蔡徐坤一路走来不易，继续加油吧，变得更强大"""
小葵的西瓜,Wed Mar 18 18:03:45 +0800 2020,0,1106,,"""不必着急回应，你的作品就是答案"""
艾杰2019,Wed Mar 18 18:03:21 +0800 2020,0,1105,,"""蔡徐坤"""
万事皆可算了,Wed Mar 18 18:02:39 +0800 2020,0,1104,,"""说的蛮不错"""
蔡小葵的蛋炒饭吖,Wed Mar 18 18:01:44 +0800 2020,0,1103,,"""作品是他最好的盔甲"""
期待下次旅行的乐乐MAMA-小V,Wed Mar 18 18:01:07 +0800 2020,0,1102,,"""用作品说话 时间证明一切"""
小葵的月芽儿,Wed Mar 18 17:58:25 +0800 2020,0,1101,,"""作品就是他最好的盔甲"""
HUA菜包BIU,Wed Mar 18 17:58:20 +0800 2020,0,1100,,"""每一个为前进留下的伤痕  都将是你的荣誉勋章@蔡徐坤"""
cute葵葵鸭,Wed Mar 18 17:57:23 +0800 2020,0,1099,,"""宝贝"""
小喵咪的西瓜呀,Wed Mar 18 17:56:50 +0800 2020,0,1097,,"""时间会证明一切"""
泡葵妖精,Wed Mar 18 17:56:25 +0800 2020,0,1096,,"""我心中有热爱，谁也不能阻挡我，谁也无法将我打倒！！"""
调皮的小储蓄卡,Wed Mar 18 17:54:38 +0800 2020,0,1095,,"""他的作品永远是最好的答案！"""
菜宝哒哒哒,Wed Mar 18 17:53:22 +0800 2020,0,1094,,"""蔡徐坤 cxk"""
K幼恩宝贝,Wed Mar 18 17:51:48 +0800 2020,0,1093,,"""蔡徐坤"""
咪咕的kun,Wed Mar 18 17:50:20 +0800 2020,0,1092,,"""蔡"""
树妈葵奎都是一样爱,Wed Mar 18 17:48:35 +0800 2020,0,1087,,"""舞台是他最好的作品"""
追不到的,Wed Mar 18 17:48:32 +0800 2020,0,1086,,"""作品就是他最好的盔甲"""
树妈葵奎都是一样爱,Wed Mar 18 17:48:00 +0800 2020,0,1085,,"""用时间证明他的热爱！"""
yy52100,Wed Mar 18 17:43:16 +0800 2020,0,1082,,"""花花世界，静守己心。蔡徐坤真好"""
袅袅兮秋风0417,Wed Mar 18 17:42:22 +0800 2020,0,1080,,"""蔡徐坤"""
坤子哥的珠妹妹,Wed Mar 18 17:42:05 +0800 2020,0,1079,,"""有热爱，作品就是他的盔甲"""
不能放弃热爱,Wed Mar 18 17:39:36 +0800 2020,0,1078,,"""热爱无敌[加油]"""
葵枳的樱花,Wed Mar 18 17:39:00 +0800 2020,0,1077,,"""蔡徐坤这个侧脸也太好看了吧！"""
顾小小小池_,Wed Mar 18 17:38:00 +0800 2020,0,1075,,"""时间会证明一切 慢慢来"""
忘卻de曾經,Wed Mar 18 17:37:34 +0800 2020,0,1074,,"""蔡徐坤"""
Monster爱葵,Wed Mar 18 17:36:49 +0800 2020,0,1073,,"""作品才是最好的解说，空说无用，拿出实力才最重要！蔡徐坤你做到了这一点，相信这些有的没的很快就会过去@蔡徐坤 一起加油吧！"""
钟鱼歌,Wed Mar 18 17:36:09 +0800 2020,0,1072,,"""蔡徐坤"""
Monster爱葵,Wed Mar 18 17:35:36 +0800 2020,0,1071,,"""作品才是王道 解释这么多根本没用 实力说话"""
Monster爱葵,Wed Mar 18 17:35:14 +0800 2020,0,1070,,"""作品就是说服别人的东西"""
小葵和晨,Wed Mar 18 17:34:43 +0800 2020,0,1069,,"""作品是最好的证明"""
想见你NINEPERCENT,Wed Mar 18 17:33:20 +0800 2020,0,1068,,"""永远寻求突破，永远不懈努力，最终成就闪耀的自己 蔡徐坤一直用作品说话！"""
cyrcxk,Wed Mar 18 17:31:26 +0800 2020,1,1066,,"""时间会证明一切，加油 好给力哦"""
红颜乱浮生Orz,Wed Mar 18 17:30:02 +0800 2020,0,1065,,"""蔡徐坤"""
August_小葵八月笙歌,Wed Mar 18 17:29:02 +0800 2020,0,1064,,"""是可爱的人"""
爱拼才会赢M欧阳M,Wed Mar 18 17:27:54 +0800 2020,0,1062,,"""坤坤优秀"""
小小小葵奎,Wed Mar 18 17:27:26 +0800 2020,0,1061,,"""拿作品说话，作品就是最好的证明！"""
名叫梦想的蔡徐坤女孩,Wed Mar 18 17:27:22 +0800 2020,0,1060,,""""""
小葵晨晨,Wed Mar 18 17:26:57 +0800 2020,0,1059,,"""拿作品说话，作品就是最好的证明！"""
K-king嘿小丑,Wed Mar 18 17:25:58 +0800 2020,0,1058,,"""蔡徐坤蔡徐坤蔡徐坤蔡徐坤蔡徐坤蔡徐坤蔡徐坤蔡徐坤蔡徐坤"""
自然卷饼,Wed Mar 18 17:25:08 +0800 2020,0,1057,,"""作品就是他最好的盔甲"""
喜欢小葵多一些,Wed Mar 18 17:24:55 +0800 2020,0,1056,,"""蔡徐坤"""
沿途种葵,Wed Mar 18 17:22:12 +0800 2020,0,1054,,"""盔甲"""
顾北染0802,Wed Mar 18 17:20:07 +0800 2020,0,1053,,"""蔡徐坤"""
温柔葵妈养菜中,Wed Mar 18 17:15:03 +0800 2020,0,1052,,""""""
柒喵_KUN,Wed Mar 18 17:14:48 +0800 2020,0,1051,,"""作品就是最大的舞台"""
木木木慕沐木木,Wed Mar 18 17:14:42 +0800 2020,0,1049,,"""用作品说话，实力"""
Jennifer要努力,Wed Mar 18 17:14:27 +0800 2020,0,1048,,""""""
Ashley6161,Wed Mar 18 17:10:25 +0800 2020,0,1043,,"""#青2青春制作人代表蔡徐坤#"""
一只小瞌睡l,Wed Mar 18 17:10:11 +0800 2020,0,1042,,"""转发微博"""
M-Sulin,Wed Mar 18 17:09:07 +0800 2020,0,1039,,"""来来"""
小独独117,Wed Mar 18 17:08:56 +0800 2020,0,1038,,"""最后只剩下热爱，带他走向未来"""
是新悦呀,Wed Mar 18 17:06:54 +0800 2020,0,1036,,"""棒棒哒"""
希小希82,Wed Mar 18 17:06:20 +0800 2020,0,1035,,"""好棒"""
obsession_82号,Wed Mar 18 17:04:46 +0800 2020,0,1033,,"""热血而上，用作品说话"""
弥生YSH,Wed Mar 18 17:03:53 +0800 2020,0,1031,,"""转发微博"""
-牛奶泡饼干-,Wed Mar 18 16:59:32 +0800 2020,0,1030,,"""作品就是他最好的盔甲@蔡徐坤"""
捕捉早起·荌妠,Wed Mar 18 16:59:23 +0800 2020,0,1029,,"""唉还是亮了不过就晚了一些我的王加油"""
ForBetterMe03,Wed Mar 18 16:58:17 +0800 2020,0,1027,,"""謝謝分享"""
小困甜罐铺,Wed Mar 18 16:58:12 +0800 2020,0,1026,,"""蔡徐坤"""
冲鸭158665666,Wed Mar 18 16:56:16 +0800 2020,0,1025,,""""""
荻羽之纱,Wed Mar 18 16:55:03 +0800 2020,0,1023,,"""蔡徐坤2020冲呀"""
葵葵要笑啊,Wed Mar 18 16:54:37 +0800 2020,0,1021,,"""舞台是他的底气"""
苏苏仙儿,Wed Mar 18 16:54:25 +0800 2020,0,1020,,"""//@池困·: 感谢分享 个人博给点热//@蔡徐坤妈妈团LovelyClub: 蔡徐坤 #青2青春制作人代表蔡徐坤#感谢@FashionWeek 的分享， 新的采访视频来啦，🐱们看过来@蔡徐坤"""
芒果冰很好吃啊,Wed Mar 18 16:54:22 +0800 2020,0,1019,,"""蔡徐坤！"""
你是天赐之作,Wed Mar 18 16:54:03 +0800 2020,0,1018,,"""专注作品专注舞台"""
蔡徐坤家的小童童,Wed Mar 18 16:53:18 +0800 2020,0,1016,,"""蔡徐坤"""
心言执念78682,Wed Mar 18 16:52:42 +0800 2020,0,1014,,"""作品就是他最好的盔甲"""
kun--雯雯,Wed Mar 18 16:52:14 +0800 2020,0,1012,,"""蔡徐坤"""
蓝色的小雨ikun,Wed Mar 18 16:51:49 +0800 2020,0,1011,,"""棒棒哒"""
嘉炳钉,Wed Mar 18 16:51:43 +0800 2020,0,1010,,"""明白人"""
魅FAIRY,Wed Mar 18 16:51:25 +0800 2020,0,1009,,""""""
小葵很靓,Wed Mar 18 16:51:11 +0800 2020,0,1007,,"""热爱 就能抵挡所有"""
Kun-Love-Me,Wed Mar 18 16:51:09 +0800 2020,0,1006,,"""厉害"""
加困不加糖,Wed Mar 18 16:51:09 +0800 2020,0,1005,,"""时间证明一切！"""
点点葵坤,Wed Mar 18 16:51:00 +0800 2020,0,1004,,"""转发微博"""
坤坤宝贝104879,Wed Mar 18 16:50:35 +0800 2020,0,1003,,"""蔡徐坤"""
薄荷浅浅绿0802,Wed Mar 18 16:49:55 +0800 2020,0,1001,,"""蔡徐坤蔡徐坤蔡徐坤蔡徐坤蔡徐坤蔡徐坤蔡徐坤蔡徐坤蔡徐坤蔡徐坤蔡徐坤蔡徐坤蔡徐坤蔡徐坤蔡徐坤蔡徐坤蔡徐坤"""
小小柒LENORE,Wed Mar 18 16:49:06 +0800 2020,0,999,,"""花花世界，静守己心。"""
BKPUKN,Wed Mar 18 16:47:48 +0800 2020,0,998,,"""蔡徐坤"""
三菜大人,Wed Mar 18 16:47:31 +0800 2020,0,997,,"""一直很喜欢小蔡的态度"""
困一點點,Wed Mar 18 16:46:54 +0800 2020,0,995,,"""加油"""
直到会员终结时,Wed Mar 18 16:46:41 +0800 2020,0,994,,"""一如既往的重视每一次作品的创造和呈现，无论是音乐、时尚还是综艺"""
霍霍霍韵辞,Wed Mar 18 16:46:32 +0800 2020,0,993,,"""作品是他最有力的盔甲❤"""
WkngChan89,Wed Mar 18 16:46:04 +0800 2020,0,992,,""""""
坤坤的欣怡,Wed Mar 18 16:45:57 +0800 2020,0,991,,"""蔡徐坤"""
葵葵好困啊,Wed Mar 18 16:45:36 +0800 2020,0,990,,"""不要着急回应所有的声音，你的作品是舞台，作品是你最好的盔甲@蔡徐坤  蔡徐坤 cxk  巨c  坤制作人  蔡PD"""
坤坤与诗,Wed Mar 18 16:45:05 +0800 2020,0,989,,"""作品是最好的盔甲"""
糖小喵喵喵CXK,Wed Mar 18 16:43:17 +0800 2020,0,988,,"""蔡徐坤"""
据-说明明,Wed Mar 18 16:36:25 +0800 2020,0,986,,""""""
零星·葵,Wed Mar 18 16:36:18 +0800 2020,0,985,,"""心动味道蔡徐坤💛神仙颜值蔡徐坤💛漫画少年蔡徐坤💛人间理想蔡徐坤💛温柔本身蔡徐坤💛台风贼稳蔡徐坤💛舞台王者蔡徐坤💛可盐可甜蔡徐坤💛一见钟情蔡徐坤💛金光闪闪蔡徐坤💛宝藏男孩蔡徐坤💛@蔡徐坤"""
kunkun200603,Wed Mar 18 16:34:43 +0800 2020,0,984,,""""""
k坤802,Wed Mar 18 16:34:10 +0800 2020,0,983,,"""蔡徐坤"""
AK景忱,Wed Mar 18 16:34:03 +0800 2020,0,982,,"""蔡徐坤"""
只争·朝夕1977,Wed Mar 18 16:32:11 +0800 2020,0,981,,"""蔡徐坤"""
暴躁莹莹在线追蔡,Wed Mar 18 16:32:06 +0800 2020,0,980,,"""🌈你的千军万马来了🌈你的千军万马来了🌈你的千军万马来了🌈你的千军万马来了🌈你的千军万马来了🌈你的千军万马来了🌈你的千军万马来了🌈你的千军万马来了🌈你的千军万马来了🌈你的千军万马来了🌈你的千军万马来了🌈你的千军万马来了🌈你的千军万"""
暴躁莹莹在线追蔡,Wed Mar 18 16:31:54 +0800 2020,0,979,,"""蔡徐坤"""
暴躁莹莹在线追蔡,Wed Mar 18 16:31:48 +0800 2020,0,978,,"""作品是他最好的盔甲"""
太阳花一属于坚强的它,Wed Mar 18 16:31:22 +0800 2020,0,977,,"""蔡徐坤"""
云云来啦_balabala,Wed Mar 18 16:30:47 +0800 2020,0,976,,"""作品是他最好的盔甲"""
老蔡头的小舞伴呀,Wed Mar 18 16:30:47 +0800 2020,0,975,,"""蔡徐坤冲冲冲"""
第二箱旺仔半价,Wed Mar 18 16:29:25 +0800 2020,0,973,,"""蔡徐坤"""
捌玥初依,Wed Mar 18 16:28:14 +0800 2020,0,972,,"""加油蔡徐坤"""
蓝色微尘_ing,Wed Mar 18 16:26:12 +0800 2020,0,971,,"""作品就是坤的底气"""
小葵味的坤,Wed Mar 18 16:26:08 +0800 2020,0,970,,"""Cxk"""
困困困C9,Wed Mar 18 16:24:04 +0800 2020,0,966,,"""转发微博"""
August-小颗芋圆,Wed Mar 18 16:21:56 +0800 2020,0,962,,"""d"""
困困困C7,Wed Mar 18 16:21:25 +0800 2020,0,961,,"""转发微博"""
蔡幼you,Wed Mar 18 16:19:46 +0800 2020,0,960,,"""作品就是他最好的盔甲"""
小亦今天也超爱坤,Wed Mar 18 16:19:05 +0800 2020,0,959,,"""蔡徐坤"""
YK我的心尖爱人,Wed Mar 18 16:18:29 +0800 2020,0,958,,"""时间能证明一切，生来就属于舞台，你是最强的@蔡徐坤"""
KUNking釒,Wed Mar 18 16:12:00 +0800 2020,0,956,,""""""
心動小葵o,Wed Mar 18 16:11:57 +0800 2020,0,955,,"""作品是他最好的盔甲"""
眼里满满的KUN,Wed Mar 18 16:11:17 +0800 2020,0,954,,"""蔡徐坤"""
困困困C5,Wed Mar 18 16:08:06 +0800 2020,0,953,,"""转发微博"""
久久KUN,Wed Mar 18 16:08:01 +0800 2020,0,952,,"""这个帅帅的人对音乐舞台全情热爱"""
淡笑快乐,Wed Mar 18 16:01:16 +0800 2020,0,950,,"""作品就是他最好的铠甲"""
Alisa江99,Wed Mar 18 16:00:35 +0800 2020,0,949,,"""CXK巨C@蔡徐坤 5G达人蔡PD#青2青春制作人代表蔡徐坤#Vlinage艺人新媒体综艺嘉宾六连冠指数均破9综艺《青春有你2》网络综艺播放指数和猫眼综艺榜六连冠#蔡徐坤 青你2制作人代表#上线三天播出两期热度创新高均破9000第n次带飞偶练回看潮#蔡徐坤首登腾讯音乐财报#2019“数专之王”销量破6300万元"""
Jasmine-Linner,Wed Mar 18 15:59:01 +0800 2020,0,948,,"""蔡徐坤"""
辣椒炒肉爱牛排配芒果冰,Wed Mar 18 15:58:11 +0800 2020,0,947,,"""作品是盔甲，他也说过，不用着急去回应所有声音，舞台是作品@蔡徐坤"""
甜心奶葵kun,Wed Mar 18 15:57:39 +0800 2020,0,946,,"""作品就是他最好的盔甲"""
Ikun-Carol,Wed Mar 18 15:49:15 +0800 2020,0,939,,"""很棒"""
802号蔡家小朋友,Wed Mar 18 15:48:24 +0800 2020,0,938,,"""作品是最好的铠甲"""
徐坤的阿阿雅呀,Wed Mar 18 15:47:02 +0800 2020,0,937,,"""蔡徐坤@蔡徐坤"""
柒兮爱葵,Wed Mar 18 15:46:08 +0800 2020,0,936,,"""花花世界，静守己心"""
小蔡是小仲的宝贝,Wed Mar 18 15:45:27 +0800 2020,0,935,,"""时间会证明一切我坚信"""
柒兮爱葵,Wed Mar 18 15:44:44 +0800 2020,0,934,,"""花花世界，静守己心💛"""
_十六言葵,Wed Mar 18 15:44:41 +0800 2020,0,933,,"""用作品说话"""
坤坤的小宝贝L,Wed Mar 18 15:44:29 +0800 2020,0,932,,"""时间会证明一切"""
解脱96860,Wed Mar 18 15:43:04 +0800 2020,0,930,,"""不管这个世界怎么样，我们都要永远善良"""
环游802号星球,Wed Mar 18 15:42:22 +0800 2020,0,929,,"""蔡徐坤"""
蔡先生90470,Wed Mar 18 15:40:36 +0800 2020,0,927,,"""蔡徐坤"""
你怎么脸红了嚄,Wed Mar 18 15:34:48 +0800 2020,0,922,,"""转发微博"""
82号倩倩要像蔡徐坤一样优秀呀,Wed Mar 18 15:32:14 +0800 2020,0,921,,"""舞台就是他最好的作品"""
宋江哥哥我好爱,Wed Mar 18 15:30:15 +0800 2020,0,919,,"""坤哥"""
唯爱蔡小坤,Wed Mar 18 15:29:17 +0800 2020,0,917,,"""转发微博"""
荷色KUN满塘,Wed Mar 18 15:27:47 +0800 2020,0,915,,"""时间能证明一切，一直走就是巅峰@蔡徐坤"""
LWJ-佳佳,Wed Mar 18 15:25:25 +0800 2020,0,912,,"""蔡徐坤"""
嘿嘿嘿哈哈哈嘿嘿黑,Wed Mar 18 15:25:16 +0800 2020,0,911,,"""感谢分享"""
嘿嘿嘿哈哈哈嘿嘿黑,Wed Mar 18 15:25:11 +0800 2020,0,910,,"""蔡徐坤"""
北岛困奈子,Wed Mar 18 15:24:46 +0800 2020,0,909,,"""蔡徐坤"""
葵麻菜篮子,Wed Mar 18 15:24:04 +0800 2020,0,907,,"""转发微博"""
CXK的小桃仁,Wed Mar 18 15:23:32 +0800 2020,0,906,,"""转发微博"""
小菜同学你好,Wed Mar 18 15:23:06 +0800 2020,0,905,,"""转发"""
sss-小小小宋,Wed Mar 18 15:23:04 +0800 2020,0,904,,"""蔡徐坤"""
丸子拔拔x,Wed Mar 18 15:22:19 +0800 2020,0,903,,"""蔡徐坤"""
小葵最爱芹菜炒牛肉芒果冰,Wed Mar 18 15:21:55 +0800 2020,0,902,,"""时间会证明一切"""
这里是一个小号哇,Wed Mar 18 15:21:19 +0800 2020,0,901,,"""蔡徐坤"""
菜菜还不是因为你长得太好看,Wed Mar 18 15:19:45 +0800 2020,0,898,,"""蔡徐坤  cxk  巨C"""
坤峰欣xin,Wed Mar 18 15:19:10 +0800 2020,0,897,,"""蔡徐坤"""
稳爱坤,Wed Mar 18 15:17:51 +0800 2020,0,893,,"""蔡徐坤"""
82年的拉菲妹妹,Wed Mar 18 15:17:31 +0800 2020,0,892,,"""作品就是他最好的盔甲"""
猪咪头号喂养员,Wed Mar 18 15:15:42 +0800 2020,0,891,,""""""
奎葵的小小丽,Wed Mar 18 15:14:24 +0800 2020,0,889,,""""""
零灵领令00,Wed Mar 18 15:13:34 +0800 2020,0,886,,""""""
吃蛋炒饭要加葱·,Wed Mar 18 15:13:26 +0800 2020,0,885,,"""“作品就是他最好的盔甲”"""
小恬戀葵,Wed Mar 18 15:07:42 +0800 2020,0,884,,"""作品是他最好的盔甲"""
朱ikun,Wed Mar 18 15:07:15 +0800 2020,0,882,,"""作品就是他的盔甲"""
菜菜菜香菜,Wed Mar 18 15:07:00 +0800 2020,0,881,,"""任何东西都没有办法捍卫到你热爱的东西"""
对你微笑纯属礼貌丶201609,Wed Mar 18 15:06:36 +0800 2020,0,880,,"""Kun"""
差点兔啦,Wed Mar 18 15:06:09 +0800 2020,0,879,,"""蔡徐坤蔡徐坤蔡徐坤！"""
希希冬冬好运气,Wed Mar 18 15:04:56 +0800 2020,0,877,,"""作品就是他最好的铠甲，蔡徐坤已经释然了，幸运幸亏幸好"""
一品如故的男仁,Wed Mar 18 15:04:12 +0800 2020,0,876,,""""""
听说你爱芹菜炒牛肉,Wed Mar 18 15:03:49 +0800 2020,0,875,,"""继续努力加油💪"""
小葵V大葵,Wed Mar 18 15:03:27 +0800 2020,0,874,,"""蔡徐坤蔡徐坤蔡徐坤"""
·南笙初妤_,Wed Mar 18 15:02:48 +0800 2020,0,872,,"""时间会证明一切"""
落__难的麻雀__,Wed Mar 18 15:00:36 +0800 2020,0,868,,"""时间可以证明一切"""
奶茶鉴定师玖儿,Wed Mar 18 15:00:11 +0800 2020,0,867,,"""懂的人自然懂"""
-我的小葵呢-,Wed Mar 18 15:00:01 +0800 2020,0,866,,"""作品就是他最好的盔甲，时间会证明一切"""
我si小狐狸DXH,Wed Mar 18 14:55:49 +0800 2020,0,863,,"""转发微博"""
KUN是五号,Wed Mar 18 14:55:45 +0800 2020,0,862,,"""时间会证明一切"""
XiaoYee10,Wed Mar 18 14:53:53 +0800 2020,0,860,,"""#蔡徐坤# """
丹同學_,Wed Mar 18 14:53:42 +0800 2020,0,859,,"""蔡徐坤"""
咪丢丢_ikun,Wed Mar 18 14:53:14 +0800 2020,0,857,,"""蔡徐坤"""
宅女小A爱发呆,Wed Mar 18 14:53:08 +0800 2020,0,856,,"""感谢分享"""
菜困的古董,Wed Mar 18 14:52:43 +0800 2020,0,855,,"""谢谢分享"""
December坤最爱的菜包,Wed Mar 18 14:51:42 +0800 2020,0,854,,"""时间会证明你对它的忠诚"""
容容今天也爱坤坤,Wed Mar 18 14:51:23 +0800 2020,0,853,,"""蔡徐坤"""
隶属于KUN,Wed Mar 18 14:50:47 +0800 2020,0,852,,"""#蔡徐坤 青你2制作人代表# #青2青春制作人代表蔡徐坤#  蔡徐坤 cxk 巨C “不要急着回应所有声音，舞台就是你的作品”@蔡徐坤"""
LYOU12696,Wed Mar 18 14:49:07 +0800 2020,0,851,,"""作品就是底气"""
果糖紫,Wed Mar 18 14:46:17 +0800 2020,0,849,,"""蔡徐坤"""
彤坤0511,Wed Mar 18 14:43:53 +0800 2020,0,845,,"""蔡徐坤cy！！！"""
小KUN鱼,Wed Mar 18 14:43:08 +0800 2020,0,844,,"""蔡徐坤冲鸭"""
坚守阵地的葵妈,Wed Mar 18 14:42:16 +0800 2020,0,843,,"""作品就是他最好的盔甲"""
抱紧我的储蓄卡-k,Wed Mar 18 14:41:44 +0800 2020,0,842,,"""他值得最好的"""
抱紧我的储蓄卡-k,Wed Mar 18 14:41:37 +0800 2020,0,841,,"""蔡徐坤就是最好的"""
种一棵萝卜和白菜,Wed Mar 18 14:40:55 +0800 2020,0,840,,"""作品也是最直观的实力体现"""
奎葵我们一起走花路吧,Wed Mar 18 14:39:55 +0800 2020,0,839,,"""“你的舞台的作品，时间会证明一切”"""
储蓄卡的小葵花籽,Wed Mar 18 14:39:05 +0800 2020,0,837,,""""""
一口一个蔡小葵-,Wed Mar 18 14:34:50 +0800 2020,0,836,,"""作品是他做好的盔甲"""
花开荼靡may,Wed Mar 18 14:34:30 +0800 2020,0,835,,"""继续做强大的狮子吧…"""
妍初陌陌,Wed Mar 18 14:34:21 +0800 2020,0,834,,"""时间会证明一切"""
太阳花葵奎,Wed Mar 18 14:33:44 +0800 2020,0,833,,"""蔡徐坤"""
林千子ZDBC,Wed Mar 18 14:33:02 +0800 2020,0,832,,"""做最好的自己"""
林千子ZDBC,Wed Mar 18 14:32:50 +0800 2020,0,831,,"""时间证明一切"""
爱着葵奎吖,Wed Mar 18 14:32:27 +0800 2020,0,830,,"""作品就是他最好的盔甲，时间会证明一切的"""
爱着葵奎吖,Wed Mar 18 14:31:07 +0800 2020,0,828,,"""时间会证明一切的"""
NINEPERCENT今天爱我吗,Wed Mar 18 14:30:54 +0800 2020,0,827,,"""蔡徐坤"""
宝石森林KUN,Wed Mar 18 14:30:17 +0800 2020,0,826,,"""#蔡徐坤 青你2制作人代表# 继续加油吧蔡代表"""
刘二刀的王者金,Wed Mar 18 14:29:56 +0800 2020,0,823,,"""蔡徐坤愿你所有的热爱都能梦想成真。"""
芒果冰很甜但你更甜,Wed Mar 18 14:29:26 +0800 2020,0,822,,"""请继续坚持你的热爱"""
蔡徐坤要快乐a,Wed Mar 18 14:29:16 +0800 2020,0,821,,"""是了"""
他左脸的那颗痣,Wed Mar 18 14:29:02 +0800 2020,0,819,,"""蔡徐坤"""
玫瑰终极形态,Wed Mar 18 14:28:42 +0800 2020,0,818,,"""mark"""
傻子kun蛊,Wed Mar 18 14:28:04 +0800 2020,0,816,,"""花花世界 静守已心，坚持热爱，时间会证明一切我的男孩有多优秀！！！"""
bingxuelanmei74839,Wed Mar 18 14:26:28 +0800 2020,0,814,,"""青春是漫长人生里最缤纷的色彩,热爱便是青春最美好的注解。同青春制作人代表@蔡徐坤 一起，为梦想增添一束光亮，用热爱记录最好的青春。"""
柔颂小葵,Wed Mar 18 14:25:36 +0800 2020,0,813,,"""蔡徐坤"""
熊本要闹了,Wed Mar 18 14:25:34 +0800 2020,0,812,,"""不要急着回应，舞台就是最好的作品"""
挚a1种菜,Wed Mar 18 14:22:25 +0800 2020,0,806,,"""作品就是他最好的铠甲"""
葉蜨,Wed Mar 18 14:22:00 +0800 2020,0,805,,"""他把他最喜欢的东西，做到最好，送到我们面前"""
蔷薇与虎,Wed Mar 18 14:21:43 +0800 2020,0,804,,"""哇哦一直在强调热爱，热爱会让自己变得更强大"""
女巫手稿,Wed Mar 18 14:21:25 +0800 2020,0,803,,"""“作品就是他最好的盔甲。”"""
啵一大口菜包,Wed Mar 18 14:21:09 +0800 2020,0,802,,"""蔡徐坤"""
cdf是酷盖,Wed Mar 18 14:21:05 +0800 2020,0,800,,"""转发微博"""
August·T,Wed Mar 18 14:20:56 +0800 2020,0,799,,"""作品是他最好的铠甲"""
猪咪丫,Wed Mar 18 14:20:51 +0800 2020,0,798,,"""蔡徐坤"""
夜狍子的街,Wed Mar 18 14:20:50 +0800 2020,0,797,,"""蔡徐坤"""
天上掉下个小胖滚,Wed Mar 18 14:20:17 +0800 2020,0,794,,"""其实不用一直提这个问题，也不用一直回答。有些东西是必然的，黑的不能变成白的，白的也不能变成黑的。不局限不自扰，守持本心，wait wait wait."""
Autism0·,Wed Mar 18 14:20:10 +0800 2020,0,793,,"""作品就是他最好的盔甲"""
坤坤ikun_,Wed Mar 18 14:20:03 +0800 2020,0,792,,"""蔡徐坤"""
云无心以出岫WAN,Wed Mar 18 14:19:58 +0800 2020,0,791,,"""时间会证明一切"""
fsxzu,Wed Mar 18 14:19:54 +0800 2020,0,790,,"""感谢分享"""
已婚美少女俱乐部,Wed Mar 18 14:19:35 +0800 2020,0,789,,"""真的是没有看过的诶 蔡徐坤"""
默默家的小葵花,Wed Mar 18 14:19:21 +0800 2020,0,788,,"""作品就是他最好的铠甲"""
蔡先生的葵葵花,Wed Mar 18 14:18:58 +0800 2020,0,787,,"""Play The Long Game"""
为啥不能填,Wed Mar 18 14:18:44 +0800 2020,0,786,,"""来啦"""
泠雨余,Wed Mar 18 14:18:43 +0800 2020,0,785,,"""每一个作品，哪怕只是一张照片，蔡徐坤都会做到最好"""
郝倾雪呀,Wed Mar 18 14:18:05 +0800 2020,0,783,,"""蔡徐坤"""
殊不知是猫,Wed Mar 18 14:17:10 +0800 2020,0,780,,"""用时间证明一切 作品就是他最好的盔甲。"""
幼恩是我的小宝贝802,Wed Mar 18 14:17:02 +0800 2020,0,777,,"""专访我来了"""
塵埃不塵埃丶,Wed Mar 18 14:16:25 +0800 2020,0,776,,"""[加油][加油]"""
偷走先生的心166,Wed Mar 18 14:15:42 +0800 2020,0,775,,"""蔡徐坤"""
困困困C4,Wed Mar 18 14:15:29 +0800 2020,0,774,,"""转发微博"""
西瓜可乐爆炸冰,Wed Mar 18 14:15:20 +0800 2020,0,773,,"""来了"""
-可甜渴奎,Wed Mar 18 14:15:18 +0800 2020,0,772,,"""作品是舞台，是他最好的盔甲"""
只锺意坤,Wed Mar 18 14:13:40 +0800 2020,0,768,,"""“你的作品，是你的舞台”@蔡徐坤 """
兴衰4757,Wed Mar 18 14:11:54 +0800 2020,0,766,,"""转发微博"""
我的八月很甜,Wed Mar 18 14:11:28 +0800 2020,0,765,,"""蔡徐坤 cxk 蔡PD所言极是#青2青春制作人代表蔡徐坤# @蔡徐坤"""
心系kkkkkun,Wed Mar 18 14:10:27 +0800 2020,0,764,,"""作品就是他最好的盔甲❤️"""
Lovable_xmx,Wed Mar 18 14:09:35 +0800 2020,1,763,,"""作品就是他最好的盔甲"""
困困困CC,Wed Mar 18 14:08:54 +0800 2020,0,762,,"""转发微博"""
CXK是个可爱鬼,Wed Mar 18 14:08:52 +0800 2020,0,761,,"""蔡徐坤"""
-环游也有趣,Wed Mar 18 14:07:52 +0800 2020,0,760,,"""来啦"""
秋秋嫣然一笑,Wed Mar 18 14:07:46 +0800 2020,0,759,,""""""
cai小葵呀-,Wed Mar 18 14:07:46 +0800 2020,0,758,,"""作品就是铠甲"""
爱撒娇的小慧子,Wed Mar 18 14:07:13 +0800 2020,0,757,,"""作品即是他最好的盔甲"""
ikun姬荣,Wed Mar 18 14:06:40 +0800 2020,0,754,,""""""
乔装成小怪物,Wed Mar 18 14:06:19 +0800 2020,0,752,,"""时间会证明一切"""
胖婷的储蓄卡,Wed Mar 18 14:06:17 +0800 2020,0,751,,"""转发微博"""
恒指咨询开__户,Wed Mar 18 14:06:14 +0800 2020,0,750,,""""""
蔡蔡的粉头,Wed Mar 18 14:05:51 +0800 2020,0,749,,"""作品就是他最好的盔甲"""
葵葵睡不着_,Wed Mar 18 14:05:28 +0800 2020,0,748,,"""作品就是他最好的盔甲"""
4ever_KUN,Wed Mar 18 14:04:43 +0800 2020,0,747,,"""作品就是最好的铠甲。蔡徐坤"""
BEMYLION,Wed Mar 18 14:04:22 +0800 2020,0,746,,"""//@蔡徐坤你太A了: //@BEMYLION://@陆叶祺养猪了: //@蔡徐坤妈妈团LovelyClub:  蔡徐坤 #青2青春制作人代表蔡徐坤#感谢@FashionWeek 的分享， 新的采访视频来啦，🐱们看过来@蔡徐坤"""
TimmyDoggy,Wed Mar 18 14:04:19 +0800 2020,0,745,,"""讓作品說話！"""
扮靓是要付出代价的,Wed Mar 18 14:03:46 +0800 2020,0,744,,"""太喜欢这个造型了@蔡徐坤"""
依姐很霸气,Wed Mar 18 14:03:36 +0800 2020,0,743,,"""作品是他最好的盔甲"""
咪dododo,Wed Mar 18 14:02:21 +0800 2020,0,742,,"""转发微博"""
山慧依依,Wed Mar 18 14:01:33 +0800 2020,0,741,,"""作品是他最好的盔甲"""
奶困奶葵哒琪琪,Wed Mar 18 14:00:37 +0800 2020,0,740,,"""永远寻求突破，永远不懈努力，最终成就闪耀的自己 蔡徐坤一直用作品说话！"""
吃蔡包的大小姐,Wed Mar 18 13:59:40 +0800 2020,0,738,,"""作品是他最好的盔甲"""
奎奎的爱困,Wed Mar 18 13:59:23 +0800 2020,0,737,,"""“真正走出来的，最后心理都会变得很强大” 心疼呜呜呜🙃"""
追菜困的小晶莹,Wed Mar 18 13:57:57 +0800 2020,0,735,,"""作品就是他最好的铠甲"""
duang你厉害,Wed Mar 18 13:57:06 +0800 2020,0,734,,""""""
KKKKUN唷,Wed Mar 18 13:57:03 +0800 2020,1,733,,"""作品即是他最好的盔甲"""
坤家大小姐,Wed Mar 18 13:56:46 +0800 2020,0,732,,"""作品是他最好的盔甲"""
奶困奶葵哒琪琪,Wed Mar 18 13:56:40 +0800 2020,0,731,,"""永远寻求突破，永远不懈努力，最终成就闪耀的自己 蔡徐坤一直用作品说话！"""
在家看曰出,Wed Mar 18 13:55:33 +0800 2020,1,730,,"""作品就是他的舞台"""
李玮谊,Wed Mar 18 13:55:21 +0800 2020,0,727,,"""蔡徐坤"""
小困的幸运星,Wed Mar 18 13:55:00 +0800 2020,0,724,,"""时间会证明一切"""
是秃头呐,Wed Mar 18 13:54:30 +0800 2020,0,721,,"""天啊"""
·一杯豆沙·,Wed Mar 18 13:54:00 +0800 2020,0,719,,"""好久了"""
钟意一个CC,Wed Mar 18 13:53:46 +0800 2020,0,717,,"""去看他的舞台"""
蓰市雅痞60570,Wed Mar 18 13:53:37 +0800 2020,0,716,,"""转发微博"""
高冷的娟姐,Wed Mar 18 13:53:07 +0800 2020,0,713,,"""蔡徐坤"""
-Maitian守望沵,Wed Mar 18 13:52:43 +0800 2020,0,712,,"""不折不扣的优质爱豆"""
小葵今天穿袜子了吗,Wed Mar 18 13:52:32 +0800 2020,0,711,,""""""
吥吥噜噜-,Wed Mar 18 13:51:56 +0800 2020,0,710,,"""转发微博"""
一只认真学习的崽子,Wed Mar 18 13:51:46 +0800 2020,0,709,,"""蔡徐坤"""
小葵味的su苒,Wed Mar 18 13:51:14 +0800 2020,0,708,,"""蔡徐坤"""
雨yuyu嘻嘻,Wed Mar 18 13:49:48 +0800 2020,0,705,,""""""
哎呀好困唷,Wed Mar 18 13:49:34 +0800 2020,0,704,,"""转发微博"""
糯米瑶属于你,Wed Mar 18 13:48:36 +0800 2020,0,702,,"""可盐可甜蔡徐坤"""
FAnG_XXY,Wed Mar 18 13:48:34 +0800 2020,0,701,,"""坚持自己的热爱，舞台就是你的作品"""
糯米瑶属于你,Wed Mar 18 13:48:32 +0800 2020,0,700,,"""蔡徐坤"""
ikun-浅笑心柔,Wed Mar 18 13:47:57 +0800 2020,0,699,,"""蔡徐坤"""
风一样的牛牛超,Wed Mar 18 13:47:45 +0800 2020,0,698,,"""时间证明你的优秀！"""
告·白,Wed Mar 18 13:47:09 +0800 2020,0,696,,"""蔡徐坤蔡徐坤"""
夏沫--飞花,Wed Mar 18 13:47:08 +0800 2020,0,695,,"""人生导师蔡徐坤说得真好啊"""
狮子王蔡徐坤麻麻,Wed Mar 18 13:45:35 +0800 2020,0,693,,"""作品就是蔡徐坤最好的铠甲"""
蔡蔡吃饭了吗,Wed Mar 18 13:45:00 +0800 2020,0,691,,""""""
-奶味小葵,Wed Mar 18 13:44:28 +0800 2020,0,690,,"""作品就是他最好的盔甲"""
ttst_桔,Wed Mar 18 13:44:00 +0800 2020,0,689,,""""""
IKUN来了唷,Wed Mar 18 13:43:53 +0800 2020,0,687,,"""时间会证明一切"""
巨C家的小猫咪啊,Wed Mar 18 13:43:13 +0800 2020,0,686,,"""作品是他最好的盔甲！时间会证明一切"""
我的荆棘玫瑰,Wed Mar 18 13:41:51 +0800 2020,0,684,,"""流量不是永远的，“最重要的是你能留下什么”——蔡徐坤"""
坤坤的小豆豆,Wed Mar 18 13:41:08 +0800 2020,0,682,,"""蔡徐坤：你的作品是舞台"""
葵葵笑一笑嘛,Wed Mar 18 13:40:14 +0800 2020,0,680,,""""""
与麻麻,Wed Mar 18 13:40:05 +0800 2020,0,679,,""""""
HTG1YOUNG的蔡,Wed Mar 18 13:39:40 +0800 2020,0,678,,"""“ 无论岁月是否会老去，萤火虫是否会熄灭，花草是否会枯萎，你一定会披星戴月站在我面前，因为我的意中人是个盖世英雄”。@蔡徐坤"""
August捕捉小小坤一只,Wed Mar 18 13:39:13 +0800 2020,0,676,,"""作品就是他最好的盔甲！！！"""
薄雪草念念不忘,Wed Mar 18 13:38:23 +0800 2020,0,675,,"""作品是他最好的盔甲，@蔡徐坤 你很棒，继续加油吧～"""
雨涩430,Wed Mar 18 13:38:22 +0800 2020,0,674,,"""蔡徐坤"""
有如莹光,Wed Mar 18 13:37:54 +0800 2020,0,673,,"""蔡PD加油"""
411MMF坤,Wed Mar 18 13:37:39 +0800 2020,0,672,,"""时间会证明一切，ikun与@蔡徐坤 一路同行"""
今天喜欢葵葵了吗,Wed Mar 18 13:37:28 +0800 2020,0,671,,"""蔡徐坤"""
August恋,Wed Mar 18 13:37:24 +0800 2020,0,670,,""""""
八点半的日常,Wed Mar 18 13:37:20 +0800 2020,0,669,,"""作品是他最好的盔甲"""
Nicole_1iu,Wed Mar 18 13:37:16 +0800 2020,0,668,,"""真真假假，如果想知道更直接的答案就可以去听听《蒙着眼》这首歌哟"""
噢姐姐粉呢,Wed Mar 18 13:36:44 +0800 2020,1,667,,"""转发微博"""
甜蜜果子09,Wed Mar 18 13:36:11 +0800 2020,0,665,,"""蔡徐坤 #蔡徐坤 青你2制作人代表# 不要太着急回应别人的声音，舞台就是你的作品！蔡徐坤，冲呀@蔡徐坤"""
-奶小葵,Wed Mar 18 13:36:07 +0800 2020,0,663,,"""蔡徐坤是最棒"""
vv菜包vv,Wed Mar 18 13:35:50 +0800 2020,0,661,,"""不要着急回应所有的声音"""
蔡小葵的傻笑,Wed Mar 18 13:34:22 +0800 2020,0,658,,"""时间会证明一切"""
枫叶子Olin,Wed Mar 18 13:32:39 +0800 2020,0,657,,""""""
和小葵一起微笑呀,Wed Mar 18 13:32:05 +0800 2020,0,655,,"""作品是他最好的盔甲"""
怡然kun,Wed Mar 18 13:31:28 +0800 2020,0,653,,"""真正走出来的   最后都变强大"""
蔡徐坤越来越红,Wed Mar 18 13:31:27 +0800 2020,0,652,,"""蔡徐坤！"""
802号星球住着candy,Wed Mar 18 13:31:08 +0800 2020,0,650,,"""我来了我来了！"""
暗恋八年2班男同学,Wed Mar 18 13:30:30 +0800 2020,0,649,,"""继续加油"""
大奎12,Wed Mar 18 13:30:22 +0800 2020,0,648,,"""转发微博"""
初秋-烟雨,Wed Mar 18 13:29:29 +0800 2020,0,645,,"""作品就是他的底气"""
拉拉_0802,Wed Mar 18 13:29:11 +0800 2020,0,644,,"""蔡徐坤很棒"""
橘子果酱-C,Wed Mar 18 13:28:10 +0800 2020,0,640,,"""蔡徐坤"""
泡面_KUN,Wed Mar 18 13:28:02 +0800 2020,0,639,,""""""
charm何,Wed Mar 18 13:27:57 +0800 2020,0,638,,"""蔡徐坤"""
蔡蔡今天吃饭了吗_,Wed Mar 18 13:27:45 +0800 2020,0,637,,"""作品就是最好的盔甲!"""
纯情巧克力K·,Wed Mar 18 13:27:43 +0800 2020,0,635,,"""是我们的【数专之王】蔡pd"""
KUN_叶子,Wed Mar 18 13:27:34 +0800 2020,0,633,,"""用作品说话 时间可以证明一切"""
抱着菜菜不放手,Wed Mar 18 13:27:08 +0800 2020,0,632,,"""说得真好"""
小葵真的超级可,Wed Mar 18 13:26:39 +0800 2020,0,630,,"""时间会证明一切！"""
J大爷m,Wed Mar 18 13:26:21 +0800 2020,0,628,,""""""
睡觉了羊,Wed Mar 18 13:26:18 +0800 2020,0,627,,"""@JC今天长头发了没"""
坤的霏霏,Wed Mar 18 13:26:14 +0800 2020,0,625,,"""一直在"""
J大爷m,Wed Mar 18 13:26:15 +0800 2020,0,626,,"""转发微博"""
爽朗的坤姐,Wed Mar 18 13:26:14 +0800 2020,0,624,,"""坚定信念，一往无前"""
YZ6002叶子姐姐,Wed Mar 18 13:26:12 +0800 2020,0,623,,"""他越来越强大了……"""
小葵的大脚,Wed Mar 18 13:26:01 +0800 2020,0,622,,"""作品是他最好的盔甲"""
Kimhae-IKUN,Wed Mar 18 13:24:39 +0800 2020,1,620,,"""坚持热爱"""
贤可爱,Wed Mar 18 13:24:35 +0800 2020,0,619,,"""你的作品，是舞台，一直相信你会做得更好！@蔡徐坤"""
喜欢蔡徐坤再久一点,Wed Mar 18 13:24:05 +0800 2020,0,618,,"""困 真的"""
下雨天了怎么办好想你坤,Wed Mar 18 13:23:49 +0800 2020,0,616,,"""坚持热爱 用作品说话"""
糖我理我我猜我,Wed Mar 18 13:23:02 +0800 2020,0,613,,""""""
夏晚晚爱大奎,Wed Mar 18 13:22:56 +0800 2020,0,612,,"""蔡徐坤"""
viyi唯一xk,Wed Mar 18 13:22:42 +0800 2020,0,611,,"""时间真的是个好东西"""
旋转的木马没有翅膀,Wed Mar 18 13:22:09 +0800 2020,0,610,,"""用作品来回应所有！就很霸气啊！"""
默可琪kiki,Wed Mar 18 13:22:02 +0800 2020,0,609,,"""作品是他最好的盔甲"""
GOGO0802,Wed Mar 18 13:21:54 +0800 2020,0,608,,"""蔡徐坤蔡徐坤蔡徐坤蔡徐坤蔡徐坤蔡徐坤蔡徐坤蔡徐坤蔡徐坤蔡徐坤蔡徐坤蔡徐坤蔡徐坤蔡徐坤蔡徐坤"""
xxx-嘟嘟嘟,Wed Mar 18 13:21:47 +0800 2020,0,607,,""""""
十几个天,Wed Mar 18 13:20:59 +0800 2020,0,606,,"""蔡徐坤值得"""
还是叫李灿阳吧,Wed Mar 18 13:20:57 +0800 2020,0,605,,"""蔡徐坤"""
保护我的菜,Wed Mar 18 13:20:55 +0800 2020,0,604,,"""作品就是他最好的盔甲"""
Melody100200,Wed Mar 18 13:20:41 +0800 2020,0,603,,"""“舞台就是作品”"""
W沁苑_,Wed Mar 18 13:20:23 +0800 2020,0,602,,"""让时间证明蔡徐坤"""
神仙迪迪下凡辛苦了,Wed Mar 18 13:19:53 +0800 2020,0,601,,"""坤坤"""
今天的困也是大宝贝,Wed Mar 18 13:19:46 +0800 2020,1,600,,"""感谢分享"""
有点厉害唷,Wed Mar 18 13:19:35 +0800 2020,0,599,,"""转发微博"""
夏日芒果冰0802,Wed Mar 18 13:19:33 +0800 2020,0,598,,"""时间会证明一切"""
东东酱酱子,Wed Mar 18 13:19:31 +0800 2020,0,597,,"""确实如此"""
百年会员的特权,Wed Mar 18 13:19:20 +0800 2020,0,596,,"""突破自己，又静守己心"""
一朵小葵花_802,Wed Mar 18 13:18:34 +0800 2020,0,595,,"""what doesn’t kill you makes you stronger"""
kun眼中有星光,Wed Mar 18 13:18:24 +0800 2020,0,594,,"""蔡徐坤"""
奎奎爱葵葵_KUN,Wed Mar 18 13:18:11 +0800 2020,0,593,,"""蔡徐坤"""
KUN-Rainbow,Wed Mar 18 13:17:51 +0800 2020,0,591,,"""每周都会与我们见面的青春制作人代表蔡徐坤令人期待。他走在自己想去的路上，正在把自己说过的话一一实现"""
阿姨我先娶你女儿,Wed Mar 18 13:17:36 +0800 2020,0,589,,"""转发微博"""
是幸福就照单全收,Wed Mar 18 13:16:58 +0800 2020,0,588,,"""菜菜好棒"""
Ikun-威武的鞅大人,Wed Mar 18 13:16:51 +0800 2020,0,587,,"""我热爱坤的舞台@蔡徐坤"""
lKoUvNe-清水如歌,Wed Mar 18 13:16:51 +0800 2020,0,586,,"""专注热爱"""
Kun与橙子,Wed Mar 18 13:16:40 +0800 2020,0,585,,"""作品是他最好的盔甲"""
迷雾森林中的一束光,Wed Mar 18 13:15:12 +0800 2020,0,583,,"""作品是他最好的盔甲"""
爱丽201512,Wed Mar 18 13:14:48 +0800 2020,0,582,,"""//@蔡徐坤的妈妈粉Carina: //@蔡徐坤妈妈团LovelyClub: 蔡徐坤 #青2青春制作人代表蔡徐坤#感谢@FashionWeek 的分享， 新的采访视频来啦，🐱们看过来@蔡徐坤"""
我的鱼干呐K,Wed Mar 18 13:14:45 +0800 2020,0,581,,"""对"""
大奎班偷看小葵的ikun,Wed Mar 18 13:13:56 +0800 2020,0,579,,"""时间能够证明一切，舞台王者蔡徐坤"""
大奎你笑一个嘛,Wed Mar 18 13:13:46 +0800 2020,0,578,,""""""
草莓味的少女呀,Wed Mar 18 13:13:00 +0800 2020,0,576,,"""作品是舞台"""
seven131,Wed Mar 18 13:12:53 +0800 2020,0,575,,"""@都写了  看"""
芊芊_29553,Wed Mar 18 13:12:06 +0800 2020,0,574,,"""时间会证明"""
猪肉大白蔡饺子,Wed Mar 18 13:11:58 +0800 2020,0,573,,"""好棒"""
Z_惠丽ikun,Wed Mar 18 13:11:56 +0800 2020,0,572,,"""时间会证明一切"""
青你二不改海报必糊停播被举报,Wed Mar 18 13:10:47 +0800 2020,0,571,,"""蔡徐坤 cxk 青你2 青春有你2"""
myAugustPrince,Wed Mar 18 13:10:37 +0800 2020,0,570,,"""蔡徐坤 作品就是你的态度"""
是搞菜达人呀,Wed Mar 18 13:10:26 +0800 2020,0,569,,"""酷"""
居娃可可,Wed Mar 18 13:10:15 +0800 2020,0,568,,"""嗯嗯"""
小困睡不着a,Wed Mar 18 13:09:29 +0800 2020,0,567,,"""蔡徐坤"""
Skunnnnn,Wed Mar 18 13:09:25 +0800 2020,0,566,,"""#蔡徐坤 青你2制作人代表# 感谢他的坚持，感谢你们的发现，欢迎你们认识真正的@蔡徐坤 """
今天坤哥穿貂的吗,Wed Mar 18 13:09:18 +0800 2020,0,565,,"""蔡徐坤"""
相遇是缘起相识是缘续相知是缘定,Wed Mar 18 13:08:57 +0800 2020,0,564,,"""蔡徐坤 #青2青春制作人代表蔡徐坤#  坚持做自己！坚持热爱！加油@蔡徐坤"""
八号-小行星,Wed Mar 18 13:08:51 +0800 2020,0,563,,"""蔡徐坤我的榜样"""
蔡先生的小扇子0802,Wed Mar 18 13:08:47 +0800 2020,0,562,,"""没错没错"""
一口一个坤子哥,Wed Mar 18 13:08:38 +0800 2020,0,561,,"""时间会证明一切"""
小阿琳唷,Wed Mar 18 13:08:33 +0800 2020,0,560,,"""他说:议论重要 还是意义重要"""
LKunstar巧,Wed Mar 18 13:08:19 +0800 2020,0,559,,"""不着急回应，用作品说话。内心更加强大"""
蔡徐坤的C姑娘,Wed Mar 18 13:08:14 +0800 2020,0,557,,"""用时间来证明一切，作品就是盔甲"""
我是快乐的小锦鲤啦,Wed Mar 18 13:08:15 +0800 2020,0,558,,"""他很好"""
月半巨奎,Wed Mar 18 13:08:03 +0800 2020,0,555,,"""永远寻求突破，永远不懈努力，最终成就闪耀的自己 蔡徐坤一直用作品说话！"""
莫小小小GYZ,Wed Mar 18 13:07:57 +0800 2020,0,553,,""""""
小葵呆呆,Wed Mar 18 13:07:18 +0800 2020,0,552,,"""感谢分享，作品即是舞台，用时间来证明一切[加油][加油]"""
旺仔牛奶小坤,Wed Mar 18 13:07:16 +0800 2020,0,551,,"""越努力越幸运"""
一只医学汪www,Wed Mar 18 13:07:10 +0800 2020,1,550,,""""""
杨小葵本葵,Wed Mar 18 13:06:56 +0800 2020,0,548,,"""时间会证明一切"""
Destiny_tiamo,Wed Mar 18 13:06:31 +0800 2020,0,547,,"""作品就是最好的回击"""
82号甜菜,Wed Mar 18 13:06:22 +0800 2020,0,546,,"""来了"""
poeaugust,Wed Mar 18 13:06:17 +0800 2020,0,545,,"""#青2青春制作人代表蔡徐坤# 感谢分享～"""
储蓄卡么得钱,Wed Mar 18 13:06:16 +0800 2020,0,544,,"""通透"""
FannyF2012,Wed Mar 18 13:05:29 +0800 2020,0,541,,"""一路走来真的非常不容易,目前的氛围状态好很多,年轻的蔡PD加油!!!"""
春暖花开dn620,Wed Mar 18 13:05:26 +0800 2020,0,540,,"""#青2青春制作人代表蔡徐坤# #蔡徐坤#  百变造型，不被定义的个性，不断突破，勇于创新的风格，少年也始终如一，专注自己喜欢和创作！一直走下去，蔡徐坤@蔡徐坤"""
爱坤的酒釀小金牛--圓子格格,Wed Mar 18 13:05:25 +0800 2020,0,539,,"""好作品就是他的底气"""
蒲笨笨爱吃橙子,Wed Mar 18 13:05:00 +0800 2020,0,538,,"""作品就是他最好的盔甲！"""
画茶闲情抒,Wed Mar 18 13:05:00 +0800 2020,0,537,,"""是他精心雕琢的舞台啊！"""
郑是够了,Wed Mar 18 13:04:14 +0800 2020,0,535,,"""蔡徐坤"""
陪蔡徐坤十年,Wed Mar 18 13:04:09 +0800 2020,0,534,,"""感谢"""
读心者superman,Wed Mar 18 13:03:58 +0800 2020,0,533,,""""""
0802號夢,Wed Mar 18 13:03:39 +0800 2020,0,532,,"""蔡徐坤"""
开心快乐的春夏秋冬jk,Wed Mar 18 13:03:34 +0800 2020,0,531,,"""加油"""
葵又葵又葵,Wed Mar 18 13:03:22 +0800 2020,0,529,,"""#青2青春制作人代表蔡徐坤# #蔡徐坤 青你2制作人代表#"""
用户愛坤的大姐姐,Wed Mar 18 13:03:16 +0800 2020,0,526,,"""謝謝@FashionWeek 分享"""
葵又葵又葵,Wed Mar 18 13:03:14 +0800 2020,0,525,,""""""
蔡徐坤的晚夜服,Wed Mar 18 13:02:59 +0800 2020,0,524,,"""蔡徐坤"""
ICON-WEN,Wed Mar 18 13:02:48 +0800 2020,0,521,,"""蔡徐坤"""
Jaycee-大洁,Wed Mar 18 13:02:13 +0800 2020,0,520,,"""热爱就是一切动力"""
团子家的向日葵,Wed Mar 18 13:02:05 +0800 2020,1,519,,"""用心打磨作品，作品就是他最好的铠甲"""
奎葵奎葵奎葵儿,Wed Mar 18 13:01:48 +0800 2020,0,518,,"""他真的很棒"""
背带裤猪咪,Wed Mar 18 13:01:32 +0800 2020,0,517,,"""会越来越好的"""
么么01818,Wed Mar 18 13:00:41 +0800 2020,0,515,,"""h好棒蔡徐坤"""
水冰月的少女heart,Wed Mar 18 13:00:30 +0800 2020,0,514,,"""小蔡好通透"""
包子哥菜葵葵,Wed Mar 18 13:00:29 +0800 2020,0,513,,"""那些打不倒你的，只会让你变得更坚强💪蔡徐坤@蔡徐坤"""
小哭包栀,Wed Mar 18 13:00:10 +0800 2020,0,510,,"""时间会证明一切  花花世界静守己心"""
xiangjianni,Wed Mar 18 12:59:53 +0800 2020,0,509,,"""因为热爱 所以无惧"""
坤小困_xun,Wed Mar 18 12:59:24 +0800 2020,0,508,,"""作品就是他最好的盔甲"""
ikun-MXL,Wed Mar 18 12:59:21 +0800 2020,0,507,,"""你的作品，是舞台@蔡徐坤"""
没有意外的糖,Wed Mar 18 12:59:16 +0800 2020,1,506,,""""""
nomi圆子,Wed Mar 18 12:58:54 +0800 2020,0,504,,"""作品是他最好的盔甲"""
夏陌雨蔓,Wed Mar 18 12:58:41 +0800 2020,0,503,,"""蔡徐坤的音乐很不错，舞台也超棒的"""
超爱的坤坤啊,Wed Mar 18 12:57:42 +0800 2020,0,501,,"""蔡徐坤"""
小葵有点困o,Wed Mar 18 12:57:39 +0800 2020,0,499,,"""蔡徐坤"""
Kun的日常,Wed Mar 18 12:57:35 +0800 2020,0,498,,"""守护心中所爱，经历过的会让你更加强大，蔡徐坤加油😊"""
奶葵社长_,Wed Mar 18 12:57:25 +0800 2020,0,495,,"""\""阳关野渡出京日蜀唱遍了情深日笃.\""@蔡徐坤"""
Fearless飘,Wed Mar 18 12:57:24 +0800 2020,0,494,,"""#蔡徐坤 青你2制作人代表#"""
贾富贵地福西西,Wed Mar 18 12:57:15 +0800 2020,1,492,,"""你的作品就是舞台，不要着急回应"""
是你眼中的星星啊,Wed Mar 18 12:57:11 +0800 2020,2,491,,"""一次次出彩的舞台，一首首独具个人特色的原创歌曲，他用作品回应所有声音，我相信时间会证明一切。"""
小昊的杨杨酱,Wed Mar 18 12:56:56 +0800 2020,0,489,,"""蔡徐坤。"""
小嘚嘚Mum,Wed Mar 18 12:56:42 +0800 2020,0,486,,"""你的作品就是舞台"""
宏易517KUN,Wed Mar 18 12:56:41 +0800 2020,0,485,,"""时间会证明一切"""
yuyao2037,Wed Mar 18 12:56:31 +0800 2020,0,481,,"""#青2青春制作人代表蔡徐坤#"""
段今昔,Wed Mar 18 12:56:26 +0800 2020,0,479,,"""你的作品是舞台！不要着急回应所有的声音！"""
夢境尋坤_,Wed Mar 18 12:56:13 +0800 2020,0,476,,"""蔡徐坤"""
32划是爱你的声音,Wed Mar 18 12:56:10 +0800 2020,0,475,,"""蔡徐坤"""
遇见星辰-坤,Wed Mar 18 12:56:06 +0800 2020,0,474,,""""""
Ciciiiiiiiiiiiiiiiiiiii,Wed Mar 18 12:56:02 +0800 2020,0,473,,"""最后只剩下热爱 带我迎接未来"""
c-mq琪,Wed Mar 18 12:56:01 +0800 2020,0,472,,"""用时间证明一切"""
冬天的雨kun,Wed Mar 18 12:55:57 +0800 2020,0,471,,"""作品说话//@仲长莎莉清清:永远寻求突破，永远不懈努力，最终成就闪耀的自己 蔡徐坤一直用作品说话！"""
雷人翻了天_245,Wed Mar 18 12:55:38 +0800 2020,0,469,,"""蔡徐坤真的很棒"""
June有点葵,Wed Mar 18 12:55:36 +0800 2020,0,468,,"""蔡徐坤"""
Chocolate糖M,Wed Mar 18 12:55:27 +0800 2020,0,467,,"""作品是盔甲"""
nuuuuub,Wed Mar 18 12:55:02 +0800 2020,0,465,,"""🐔 你太美"""
葵葵的晨风,Wed Mar 18 12:54:58 +0800 2020,0,463,,"""作品是王道"""
迟小微cindy,Wed Mar 18 12:54:47 +0800 2020,0,462,,"""棒"""
K--August,Wed Mar 18 12:54:39 +0800 2020,0,460,,"""我的宝贝儿太棒了"""
i芒果加冰kun,Wed Mar 18 12:54:38 +0800 2020,0,459,,"""蔡徐坤"""
雾里拥葵,Wed Mar 18 12:54:36 +0800 2020,0,458,,"""蔡徐坤"""
Lucky_there,Wed Mar 18 12:54:35 +0800 2020,0,457,,"""转发微博"""
可以揪你的圆耳朵吗,Wed Mar 18 12:54:12 +0800 2020,0,455,,"""视频我来了！！"""
小葵牌子的鱼,Wed Mar 18 12:54:04 +0800 2020,0,454,,"""蔡徐坤"""
宇宙超级无敌可爱蔡小葵,Wed Mar 18 12:53:51 +0800 2020,0,451,,"""坚持热爱"""
太爱坤哥啦,Wed Mar 18 12:53:49 +0800 2020,0,450,,"""时间会证明一切！永远寻求突破，永远不懈努力，最终成就闪耀的自己，蔡徐坤一直用作品说话！"""
萝莉控的昔日寒冬,Wed Mar 18 12:53:49 +0800 2020,1,449,,"""时间会证明一切"""
小困超可Leona,Wed Mar 18 12:53:34 +0800 2020,0,448,,"""作品就是他最好的盔甲"""
C拾-玖,Wed Mar 18 12:53:30 +0800 2020,0,447,,"""作品就是他最好的盔甲"""
喜欢吃零食的慧慧,Wed Mar 18 12:53:24 +0800 2020,0,446,,"""时间会证明一切"""
蔡蔡的笑笑麻麻,Wed Mar 18 12:53:23 +0800 2020,0,445,,"""谢谢分享。"""
地狱宵伽,Wed Mar 18 12:53:22 +0800 2020,1,444,,"""坚持用作品说话"""
迷鹿吟狮,Wed Mar 18 12:52:59 +0800 2020,0,443,,"""作品就是他最好的盔甲"""
蔡小葵82·,Wed Mar 18 12:52:43 +0800 2020,0,441,,"""蔡徐坤"""
鸡叫西施,Wed Mar 18 12:52:37 +0800 2020,0,440,,"""时间会证明一切的，慢慢来吧，慢慢约会吧"""
九八年小困,Wed Mar 18 12:52:35 +0800 2020,0,439,,"""采访视频又来啦"""
Augustwax,Wed Mar 18 12:52:29 +0800 2020,0,438,,"""蔡徐坤"""
永远的舞台粉,Wed Mar 18 12:52:17 +0800 2020,0,437,,"""时间来证明一切"""
F5养了崽崽,Wed Mar 18 12:52:13 +0800 2020,0,436,,"""我爱他"""
田甜的小坤,Wed Mar 18 12:52:01 +0800 2020,0,435,,"""#青2青春制作人代表蔡徐坤# """
粑粑麻麻说名字长坤坤会注意到我,Wed Mar 18 12:51:55 +0800 2020,0,434,,"""蔡徐坤"""
开心6310861685,Wed Mar 18 12:51:45 +0800 2020,1,432,,"""心中只剩下热爱，带我迎接未来"""
重生过后去没人的岛,Wed Mar 18 12:51:23 +0800 2020,0,431,,"""时间会证明一切，作品能证明一切"""
我是BAbyJ,Wed Mar 18 12:51:18 +0800 2020,0,430,,"""作品是蔡徐坤最好的盔甲"""
·恋葵星羽·,Wed Mar 18 12:51:14 +0800 2020,0,429,,"""坚定热爱。"""
开心快乐的春夏秋冬jk,Wed Mar 18 12:51:02 +0800 2020,0,428,,""""""
咖啡布偶加菲,Wed Mar 18 12:50:50 +0800 2020,0,427,,"""时间会证明一切"""
ashleywess,Wed Mar 18 12:50:42 +0800 2020,0,426,,"""好棒的答案，蔡徐坤很棒"""
清欢渡ikun,Wed Mar 18 12:50:40 +0800 2020,0,424,,"""蔡徐坤"""
秃头猫咪ikun,Wed Mar 18 12:50:36 +0800 2020,0,423,,"""蔡徐坤"""
菜包很爱困,Wed Mar 18 12:50:30 +0800 2020,0,422,,"""蔡徐坤"""
IKUN梦兮,Wed Mar 18 12:50:26 +0800 2020,0,421,,"""蔡徐坤"""
众慕葵奎,Wed Mar 18 12:50:25 +0800 2020,0,420,,"""我来了！！！"""
爱丽201512,Wed Mar 18 12:50:06 +0800 2020,0,417,,"""//@蔡徐坤妈妈团LovelyClub: 蔡徐坤 #青2青春制作人代表蔡徐坤#感谢@FashionWeek 的分享， 新的采访视频来啦，🐱们看过来@蔡徐坤"""
蔡小葵的爱困呀,Wed Mar 18 12:49:59 +0800 2020,0,416,,""""""
·二·水·,Wed Mar 18 12:49:59 +0800 2020,0,415,,"""CY!!!"""
爱奇艺青春无我,Wed Mar 18 12:49:48 +0800 2020,0,413,,""""""
蔡徐坤想干嘛就干嘛,Wed Mar 18 12:49:49 +0800 2020,0,414,,"""作品就是他最好的盔甲"""
箫舆,Wed Mar 18 12:49:46 +0800 2020,0,412,,"""冲啊"""
箫舆,Wed Mar 18 12:49:39 +0800 2020,0,411,,"""涐来了"""
虫二啪嗒啪嗒地落下眼泪,Wed Mar 18 12:49:35 +0800 2020,0,410,,"""还有吗还有吗还想看"""
每日重启1998,Wed Mar 18 12:49:33 +0800 2020,0,409,,"""坤坤加油！"""
乘坐快乐BUS滴滴叭叭WOO,Wed Mar 18 12:49:29 +0800 2020,0,408,,"""坚定 热爱"""
-酷酷的葵葵,Wed Mar 18 12:49:28 +0800 2020,0,407,,"""转发微博"""
KUN·蔡小葵,Wed Mar 18 12:49:26 +0800 2020,0,406,,""""""
只是草莓酥,Wed Mar 18 12:49:19 +0800 2020,0,404,,"""来啦来啦小蔡同学"""
今日可爱鬼-,Wed Mar 18 12:49:18 +0800 2020,0,403,,"""感谢分享"""
菜菜Venus舞动,Wed Mar 18 12:49:10 +0800 2020,0,400,,"""你坚持的是对的！蔡徐坤加油"""
养猫最快乐,Wed Mar 18 12:49:01 +0800 2020,0,398,,"""转发微博"""
乖乖宽,Wed Mar 18 12:48:59 +0800 2020,0,397,,"""时间会有答案"""
Remember蔡徐坤0802,Wed Mar 18 12:48:52 +0800 2020,0,396,,"""蔡徐坤"""
-彩葵,Wed Mar 18 12:48:45 +0800 2020,0,395,,"""坚持你所热爱的"""
陌路之外,Wed Mar 18 12:48:42 +0800 2020,0,393,,"""感谢分享"""
EKekkun_,Wed Mar 18 12:48:32 +0800 2020,1,391,,""""""
尘尘爱死坤,Wed Mar 18 12:48:28 +0800 2020,0,390,,"""蔡徐坤"""
燭心辣子鸡,Wed Mar 18 12:48:23 +0800 2020,0,389,,"""作品就是最好的盔甲 热爱就会坚持 不惧流言 不畏风雨@蔡徐坤"""
江恩桃,Wed Mar 18 12:48:12 +0800 2020,0,388,,"""作品是他最好的盔甲"""
倪倪倪小美,Wed Mar 18 12:48:03 +0800 2020,12,384,,"""用时间来证明一切"""
钮祜禄氏·AK,Wed Mar 18 12:48:04 +0800 2020,0,387,,"""我们小坤真是我的人生导师"""
茜儿xxx,Wed Mar 18 12:48:03 +0800 2020,0,386,,""""""
冲天小葵猪,Wed Mar 18 12:48:03 +0800 2020,1,385,,"""好帅哦"""
欧楚楚呐,Wed Mar 18 12:47:52 +0800 2020,0,382,,"""作品是他最好的铠甲"""
小困乱撞,Wed Mar 18 12:47:46 +0800 2020,0,381,,"""宝贝 作品就是最好的反击"""
环游葵星,Wed Mar 18 12:47:45 +0800 2020,0,380,,"""时间会证明一切"""
小狮子kunkun,Wed Mar 18 12:47:39 +0800 2020,0,378,,"""内心有真正热爱的东西@蔡徐坤 然后，义无反顾"""
花菜投手,Wed Mar 18 12:47:31 +0800 2020,14,377,,"""作品是他最好的盔甲！"""
困一點點,Wed Mar 18 12:47:30 +0800 2020,0,376,,""""""
LXYRAIN,Wed Mar 18 12:47:25 +0800 2020,0,375,,""""""
rr杏瘾小变态纱手,Wed Mar 18 12:47:25 +0800 2020,0,374,,"""宝贝"""
ikun苏瑾,Wed Mar 18 12:47:24 +0800 2020,0,373,,"""蔡徐坤"""
天天奶茶喝到挂,Wed Mar 18 12:47:22 +0800 2020,0,372,,"""蔡徐坤 cxk"""
俊渣猪咪天团,Wed Mar 18 12:47:21 +0800 2020,0,371,,"""蔡徐坤"""
笨笨20117,Wed Mar 18 12:47:20 +0800 2020,1,369,,"""蔡徐坤"""
kun就是我的正能量,Wed Mar 18 12:47:19 +0800 2020,0,370,,"""一直熱愛你所熱愛的，我們一直都在"""
红红的小辣椒hj,Wed Mar 18 12:47:16 +0800 2020,0,367,,"""支持"""
天天奶茶喝到挂,Wed Mar 18 12:47:15 +0800 2020,0,366,,""""""
红红的小辣椒hj,Wed Mar 18 12:47:14 +0800 2020,0,365,,"""开心"""
烟雨迷蒙雾,Wed Mar 18 12:47:11 +0800 2020,0,364,,"""蔡徐坤"""
左梵克雅,Wed Mar 18 12:47:11 +0800 2020,0,362,,""""""
红红的小辣椒hj,Wed Mar 18 12:47:11 +0800 2020,0,363,,"""越来越好"""
上菜吃菜碎觉,Wed Mar 18 12:47:10 +0800 2020,0,361,,"""你的作品是你的舞台 别着急"""
红红的小辣椒hj,Wed Mar 18 12:47:08 +0800 2020,0,360,,"""相互"""
解忧朱砂痣,Wed Mar 18 12:47:06 +0800 2020,0,359,,"""作品就是他最好的盔甲"""
红红的小辣椒hj,Wed Mar 18 12:47:05 +0800 2020,0,358,,"""最棒坤坤"""
红红的小辣椒hj,Wed Mar 18 12:47:02 +0800 2020,0,356,,"""棒棒哒蔡徐坤"""
普桑桑爱吃花,Wed Mar 18 12:47:03 +0800 2020,0,357,,"""作品是他最好的铠甲"""
浮鄢然,Wed Mar 18 12:47:02 +0800 2020,0,355,,"""没错"""
小困想吃菜,Wed Mar 18 12:46:57 +0800 2020,0,354,,"""作品就是他最好的盔甲"""
最爱大睿宝,Wed Mar 18 12:46:51 +0800 2020,0,353,,"""你的作品是舞台！作品就是你的盔甲！"""
蔡云儿-kun,Wed Mar 18 12:46:46 +0800 2020,0,352,,"""蔡徐坤"""
·南歌妤初·,Wed Mar 18 12:46:43 +0800 2020,0,351,,"""加油"""
彩壳嫩嘟嘟,Wed Mar 18 12:46:42 +0800 2020,0,350,,""""""
想念也不再见,Wed Mar 18 12:46:39 +0800 2020,0,349,,"""用时间证明一切！"""
和蔼的格格巫,Wed Mar 18 12:46:31 +0800 2020,0,348,,"""专注作品专注音乐，这样的蔡徐坤值得光芒万丈"""
暗夜行凶,Wed Mar 18 12:46:30 +0800 2020,0,347,,"""我越来越佩服他了"""
亲亲葵葵,Wed Mar 18 12:46:21 +0800 2020,0,344,,"""用作品说话"""
Simya1014,Wed Mar 18 12:46:20 +0800 2020,0,343,,"""时间证明一切"""
蓝叶可可,Wed Mar 18 12:46:13 +0800 2020,0,341,,"""#青2青春制作人代表蔡徐坤# """
TO·KUN,Wed Mar 18 12:46:10 +0800 2020,0,340,,""""""
入戏太深是种病,Wed Mar 18 12:46:02 +0800 2020,0,338,,"""#青2青春制作人代表蔡徐坤# 走过来就会变强大"""
我屁话很多诶,Wed Mar 18 12:45:56 +0800 2020,0,337,,"""蔡徐坤可以的"""
柒染爱大厂,Wed Mar 18 12:45:51 +0800 2020,0,336,,"""蔡徐坤"""
我屁话很多诶,Wed Mar 18 12:45:49 +0800 2020,0,334,,"""用时间来证明一切"""
稳说了算,Wed Mar 18 12:45:49 +0800 2020,6,335,,"""即使周围都是黑暗也挡不住蔡徐坤内心热爱的光@蔡徐坤"""
RedamancyIkun,Wed Mar 18 12:45:47 +0800 2020,0,333,,"""他所坚持的 就是他热爱的 """
小闲hui,Wed Mar 18 12:45:44 +0800 2020,0,332,,"""因为热死，所以无畏"""
梨花染欣宝,Wed Mar 18 12:45:41 +0800 2020,0,331,,"""作品是底气！！！"""
徐含奇yube,Wed Mar 18 12:45:33 +0800 2020,0,330,,"""蔡徐坤"""
梨花染欣宝,Wed Mar 18 12:45:25 +0800 2020,0,329,,"""作品是底气"""
蹦哒的珠子,Wed Mar 18 12:45:25 +0800 2020,5,328,,"""时间证明一切"""
Qi颜宝贝,Wed Mar 18 12:45:24 +0800 2020,0,327,,"""哥哥永远是最棒的"""
Kun_sa,Wed Mar 18 12:45:23 +0800 2020,0,326,,"""转发微博"""
大狮子的小兔子呀,Wed Mar 18 12:45:17 +0800 2020,4,324,,"""用作品说话@蔡徐坤"""
猪光宝气核桃包,Wed Mar 18 12:45:12 +0800 2020,23,323,,"""坚持热爱 用作品说话"""
98号太阳花,Wed Mar 18 12:45:09 +0800 2020,0,321,,"""作品就是他最好的盔甲"""
蔡徐坤的舶弋宝贝,Wed Mar 18 12:45:09 +0800 2020,0,320,,"""作品就是他最好的盔甲"""
凌晨0点0懿分的琳琳,Wed Mar 18 12:45:03 +0800 2020,0,319,,"""热爱🔥🔥🔥"""
金色床单,Wed Mar 18 12:45:01 +0800 2020,0,318,,"""时间会证明一切"""
·Remake,Wed Mar 18 12:45:00 +0800 2020,0,317,,"""用时间证明一切"""
暴富葵葵子次牛排0802,Wed Mar 18 12:44:56 +0800 2020,0,315,,"""坚持自己的热爱，花花世界，静守己心"""
ikun王木木,Wed Mar 18 12:44:55 +0800 2020,0,314,,"""蔡徐坤就是我的铠甲"""
八月恋雪葵,Wed Mar 18 12:44:49 +0800 2020,18,313,,"""一如既往坚定，诠释不羁少年意气，不经意的小举动温柔又暖心“每个女生都是独一无二的” @蔡徐坤 """
谁又是谁的谁young,Wed Mar 18 12:44:49 +0800 2020,0,312,,""""""
开心的小我呗,Wed Mar 18 12:44:47 +0800 2020,0,311,,"""时间会证明一切"""
_是小葵啊,Wed Mar 18 12:44:46 +0800 2020,0,310,,"""蔡徐坤作品就是他最好的回应！！"""
kk新新,Wed Mar 18 12:44:45 +0800 2020,0,308,,""""""
辣妈蓝色月光,Wed Mar 18 12:44:41 +0800 2020,0,305,,"""无论风云变幻，只做最强的自己，蔡徐坤加油"""
lion小岛角落lion,Wed Mar 18 12:44:42 +0800 2020,0,306,,"""哇"""
是小可爱鸭鸭,Wed Mar 18 12:44:39 +0800 2020,0,304,,"""心里有爱，所以无所畏惧"""
祐桐mmkun,Wed Mar 18 12:44:32 +0800 2020,0,303,,"""热爱"""
韩安妮tarabr,Wed Mar 18 12:44:23 +0800 2020,0,302,,"""蔡徐坤"""
菜包kun0802,Wed Mar 18 12:44:19 +0800 2020,0,301,,"""蔡徐坤优秀"""
花子栀Zi,Wed Mar 18 12:44:02 +0800 2020,0,300,,"""新鲜的@蔡徐坤"""
深栀64335,Wed Mar 18 12:43:59 +0800 2020,0,299,,"""蔡徐坤"""
3困1,Wed Mar 18 12:43:59 +0800 2020,0,298,,""""""
KUN的小不点儿,Wed Mar 18 12:43:57 +0800 2020,0,297,,"""你的作品就是你最好的盔甲，一切其他的东西都将转瞬消逝，只有你的盔甲会陪着你战斗到最后一刻。"""
发现奎中葵,Wed Mar 18 12:43:57 +0800 2020,0,296,,"""哇"""
菜ii花,Wed Mar 18 12:43:55 +0800 2020,0,294,,""""""
星葵迷雾,Wed Mar 18 12:43:55 +0800 2020,1,293,,"""作品就是他最好的铠甲"""
BEMYLION,Wed Mar 18 12:43:44 +0800 2020,0,292,,"""//@陆叶祺养猪了: //@蔡徐坤妈妈团LovelyClub: 蔡徐坤 #青2青春制作人代表蔡徐坤#感谢@FashionWeek 的分享， 新的采访视频来啦，🐱们看过来@蔡徐坤"""
未曾谋面的阿爆,Wed Mar 18 12:43:42 +0800 2020,0,291,,"""真正走出来的 内心都很强大👍"""
爱菜护菜1,Wed Mar 18 12:43:40 +0800 2020,0,290,,""""""
小廖爱困,Wed Mar 18 12:43:33 +0800 2020,3,289,,"""作品是他最好的盔甲"""
CC-K幼恩,Wed Mar 18 12:43:32 +0800 2020,0,288,,"""作品是他最好的盔甲"""
菜菜真的好困,Wed Mar 18 12:43:30 +0800 2020,3,287,,"""你的作品就是你的舞台，作品就是他最好的盔甲"""
东城西兔,Wed Mar 18 12:43:27 +0800 2020,0,286,,"""哥哥会更好的"""
涐才不会被女孩子欺负,Wed Mar 18 12:43:26 +0800 2020,0,285,,""""""
August_八月等你,Wed Mar 18 12:43:23 +0800 2020,0,284,,"""对"""
·阻击大奎的心,Wed Mar 18 12:43:20 +0800 2020,0,283,,"""作品是他最好的盔甲！"""
Grow_菜园小ak,Wed Mar 18 12:43:13 +0800 2020,11,282,,"""用时间和作品来证明一切"""
小廖爱困,Wed Mar 18 12:43:12 +0800 2020,0,281,,"""来了"""
甜橙奶坤,Wed Mar 18 12:43:11 +0800 2020,0,280,,"""蔡徐坤"""
魔仙小困,Wed Mar 18 12:43:08 +0800 2020,0,279,,"""转发微博"""
82号帆船,Wed Mar 18 12:43:06 +0800 2020,0,278,,"""蔡徐坤"""
莫茜蔹,Wed Mar 18 12:43:04 +0800 2020,1,277,,"""Kun一路成长，做最好的自己"""
禁欲的守护神,Wed Mar 18 12:43:03 +0800 2020,0,276,,"""被他圈粉，永远不会太晚"""
0802团,Wed Mar 18 12:43:03 +0800 2020,0,275,,"""蔡徐坤"""
十里飘香你真香,Wed Mar 18 12:43:00 +0800 2020,0,274,,"""这么稳得住的人实在少有"""
困最可爱,Wed Mar 18 12:42:59 +0800 2020,0,273,,"""加油蔡徐坤@蔡徐坤"""
会脸红的派大星,Wed Mar 18 12:42:58 +0800 2020,0,272,,"""转发微博"""
XIX佳期如梦,Wed Mar 18 12:42:56 +0800 2020,0,271,,"""你的作品是舞台@蔡徐坤"""
北辰·木林森,Wed Mar 18 12:42:43 +0800 2020,0,270,,"""坚持所爱坚持自己，你做到了👏"""
萱很爱困,Wed Mar 18 12:42:43 +0800 2020,1,269,,"""作品就是你最好的盔甲，我们一直都在"""
冰茶浅绿xy,Wed Mar 18 12:42:39 +0800 2020,0,268,,"""心中有热爱就更加坚定！"""
超级小葵Hua,Wed Mar 18 12:42:32 +0800 2020,17,267,,"""“做好准备的人，会得到一颗糖，你的作品就是舞台”，@蔡徐坤 一直相信舞台上的自己是最真实的自己"""
山野小圆,Wed Mar 18 12:42:32 +0800 2020,0,266,,"""坚定热爱"""
瑶兄弟,Wed Mar 18 12:42:15 +0800 2020,0,265,,"""蔡徐坤"""
IKUN66666,Wed Mar 18 12:42:14 +0800 2020,0,264,,"""作品就是你的盔甲 时间会证明一切"""
瓶子的梦_81,Wed Mar 18 12:42:10 +0800 2020,0,263,,"""时间和作品会证明你的优秀！最棒的蔡徐坤"""
小坤坤belong蔡奎葵灬,Wed Mar 18 12:42:07 +0800 2020,0,262,,"""舞台就是证明他自己"""
只是一条渔,Wed Mar 18 12:42:05 +0800 2020,0,261,,"""“作品就是他最好的盔甲”"""
绮绮KUN,Wed Mar 18 12:42:03 +0800 2020,0,260,,"""蔡徐坤"""
请一定加油,Wed Mar 18 12:41:51 +0800 2020,9,258,,"""时间会带走很多记忆，但作品会永远留下来，@蔡徐坤 回应各种目光的的就是他的作品。"""
爱坤坤ikun2018,Wed Mar 18 12:41:47 +0800 2020,1,257,,"""作品就是他最好的铠甲"""
超喜欢cxk啦,Wed Mar 18 12:41:46 +0800 2020,0,256,,"""作品就是最好的铠甲✨"""
CC和蔡老师的恋爱记,Wed Mar 18 12:41:32 +0800 2020,0,255,,"""作品也是见证他成长的东西"""
Amber0802,Wed Mar 18 12:41:30 +0800 2020,0,254,,"""作品是他最好的盔甲"""
余圈圈最爱Aoi酱,Wed Mar 18 12:41:25 +0800 2020,0,253,,"""时间会证明一切"""
ccccxkkkk,Wed Mar 18 12:41:20 +0800 2020,0,252,,"""蔡徐坤"""
怡ui188,Wed Mar 18 12:41:12 +0800 2020,0,251,,"""蔡徐坤"""
Ikun_可爱,Wed Mar 18 12:41:03 +0800 2020,10,249,,"""何必顺应 不惧流言 热爱至上"""
清汤少油不要葱,Wed Mar 18 12:41:01 +0800 2020,7,248,,"""你的作品，是舞台@蔡徐坤"""
willingwm96,Wed Mar 18 12:41:01 +0800 2020,0,247,,"""作品就是他最好的盔甲"""
抱紧蔡憨憨,Wed Mar 18 12:40:57 +0800 2020,0,246,,"""作品就是他最好的盔甲"""
美洛万古,Wed Mar 18 12:40:53 +0800 2020,0,245,,"""最棒的蔡徐坤"""
易Mi坤爱坤坤,Wed Mar 18 12:40:52 +0800 2020,0,244,,"""蔡徐坤"""
金鱼是哥哥叫的鲸鱼呀,Wed Mar 18 12:40:42 +0800 2020,0,243,,""""""
IKUN_莉莉,Wed Mar 18 12:40:41 +0800 2020,0,242,,"""作品即是他最好的盔甲👍"""
·绝缘体KUN·,Wed Mar 18 12:40:39 +0800 2020,12,241,,"""时间会证明一切 做好准备的人 一定会得到一颗糖[爱心]"""
white_小恩有点小困,Wed Mar 18 12:40:37 +0800 2020,0,240,,"""时间证明一切，作品就是盔甲"""
蔡总的小小小小小跟班,Wed Mar 18 12:40:37 +0800 2020,0,239,,"""@蔡徐坤网宣组 快来"""
蔡小葵家Amy,Wed Mar 18 12:40:34 +0800 2020,1,238,,"""初心与舞台 ，不辜负与坚持所爱，   帅气又暖心的青春制作人代表！"""
天籁之英0802,Wed Mar 18 12:40:18 +0800 2020,0,237,,"""作品是他最好的盔甲！时间会证明一切"""
辣妹不许留胡须,Wed Mar 18 12:40:14 +0800 2020,0,235,,"""Time Will Tell"""
勤劳的种菜人,Wed Mar 18 12:39:55 +0800 2020,0,234,,"""我也想做他的盔甲"""
一只小沙鸥,Wed Mar 18 12:39:55 +0800 2020,0,233,,"""作品和舞台！"""
s·yyyyy,Wed Mar 18 12:39:51 +0800 2020,0,232,,"""蔡徐坤"""
世界第一初恋KUN,Wed Mar 18 12:39:49 +0800 2020,0,231,,"""作品是最好的证明"""
抱着菜菜不放手,Wed Mar 18 12:39:42 +0800 2020,0,229,,"""啊我来啦 小坤超级棒"""
KUN天空的空,Wed Mar 18 12:39:42 +0800 2020,0,228,,"""舞台就是他的作品"""
七月慕葵,Wed Mar 18 12:39:31 +0800 2020,0,225,,"""是啊"""
坤的Sophy,Wed Mar 18 12:39:17 +0800 2020,1,224,,"""作品就是他最好的盔甲"""
桥儿ikun,Wed Mar 18 12:39:13 +0800 2020,44,222,,"""作品是最好的回应，蔡徐坤加油"""
家住摸仙堡呢i,Wed Mar 18 12:39:10 +0800 2020,0,221,,"""蔡徐坤"""
x-墨柒,Wed Mar 18 12:39:09 +0800 2020,0,220,,"""蔡徐坤"""
_August_11,Wed Mar 18 12:39:07 +0800 2020,0,219,,"""热爱着的东西"""
吕泽涵0101,Wed Mar 18 12:39:03 +0800 2020,0,218,,"""蔡徐坤"""
时间证明一切坤,Wed Mar 18 12:39:02 +0800 2020,0,217,,"""蔡徐坤的作品是舞台"""
往后余生都只有蔡徐坤一个人,Wed Mar 18 12:38:57 +0800 2020,1,216,,"""作品就是他最好的铠甲时间会证明一切"""
odet2011,Wed Mar 18 12:38:50 +0800 2020,0,214,,"""如果所有的谣言误解都要去一一回应，那么他就没有时间去完成他的作品，让时间去证明吧！"""
涧寻雲川,Wed Mar 18 12:38:44 +0800 2020,0,213,,""""""
清水悠哉,Wed Mar 18 12:38:42 +0800 2020,5,212,,"""舞台就是你的作品"""
allfor坤坤,Wed Mar 18 12:38:42 +0800 2020,1,211,,"""时间会证明一切，蔡徐坤好棒"""
向沂可可,Wed Mar 18 12:38:41 +0800 2020,53,209,,"""多一些了解和靠近这个只是坚持自己的热爱的大男孩吧 期待蔡PD 周四周六晚八点不见不散@蔡徐坤"""
小球-小葵大奎,Wed Mar 18 12:38:42 +0800 2020,1,210,,"""用时间来证明一切，真好"""
落樱k汐,Wed Mar 18 12:38:37 +0800 2020,0,207,,"""#青2青春制作人代表蔡徐坤# 永远寻求突破，永远不懈努力，最终成就闪耀的自己 蔡徐坤一直用作品说话！"""
82号户主养的小猫咪,Wed Mar 18 12:38:35 +0800 2020,0,206,,"""时间会证明一切的！！！"""
闪亮亮大脑门,Wed Mar 18 12:38:34 +0800 2020,0,205,,"""转发微博"""
被坤困住的美妞妈,Wed Mar 18 12:38:30 +0800 2020,0,204,,"""作品就是盔甲，时间会证明一切"""
涵雨沁雨IKUN,Wed Mar 18 12:38:27 +0800 2020,1,203,,"""期待蔡徐坤更多新作品"""
IKUN晴羽,Wed Mar 18 12:38:21 +0800 2020,1,202,,"""作品是最好盔甲 时间会证明一切的"""
啊啊啊啊吧唧一口,Wed Mar 18 12:38:16 +0800 2020,0,200,,""""""
蒜蒜葵酱,Wed Mar 18 12:38:09 +0800 2020,0,199,,"""作品就是他最好的盔甲"""
宛宛宛宛宛宛宛宛儿,Wed Mar 18 12:38:05 +0800 2020,0,198,,""""""
小坤不K,Wed Mar 18 12:37:57 +0800 2020,0,196,,"""蔡徐坤."""
微微与坤,Wed Mar 18 12:37:55 +0800 2020,0,194,,"""别急着去回应，你的作品是舞台"""
对坤坤body着迷的棋棋,Wed Mar 18 12:37:47 +0800 2020,6,193,,"""时间会证明一切"""
爱吃花蔡还是爱吃蔡花,Wed Mar 18 12:37:45 +0800 2020,2,192,,"""作品是他最好的盔甲！！舞台就是你的作品！！"""
蔡徐坤TOUR_MEETING,Wed Mar 18 12:37:45 +0800 2020,34,191,,"""作品就是你的舞台！"""
街头出来__的风,Wed Mar 18 12:37:44 +0800 2020,0,190,,"""初心不变，坚持热爱！时间会证明一切！"""
种菜养猫达人,Wed Mar 18 12:37:37 +0800 2020,0,189,,"""一直用作品说话"""
厉害的小喵喵,Wed Mar 18 12:37:24 +0800 2020,0,188,,""""""
AugustGilding-,Wed Mar 18 12:37:19 +0800 2020,75,187,,"""作品就是他最好的铠甲"""
南南akunkun,Wed Mar 18 12:37:13 +0800 2020,13,186,,"""作品是他的一切"""
夏天的射手女,Wed Mar 18 12:37:05 +0800 2020,0,185,,"""cxk"""
奎葵籽油KUN,Wed Mar 18 12:37:00 +0800 2020,0,184,,"""你的作品就是舞台蔡徐坤加油"""
August_紫菜包饭,Wed Mar 18 12:36:58 +0800 2020,7,183,,"""你的作品就是你最好的盔甲，一切其他的东西都将转瞬消逝，只有你的盔甲会陪着你战斗到最后一刻。试着去聆听他的作品，试着去体会他的经历，你一定会对他有新的看法。蔡徐坤，值得喜爱！"""
今昔-意坤,Wed Mar 18 12:36:49 +0800 2020,0,182,,"""蔡徐坤"""
叶麟哥晚餐吃什么,Wed Mar 18 12:36:28 +0800 2020,0,180,,"""蔡徐坤"""
0802号_戀葵星球,Wed Mar 18 12:36:23 +0800 2020,0,179,,"""作品就是他最好的盔甲！"""
奎葵太阳_AUG,Wed Mar 18 12:36:22 +0800 2020,2,177,,"""不要着急回应，作品证明一切"""
囧涩交,Wed Mar 18 12:36:21 +0800 2020,0,176,,"""时间会证明一切的加油"""
最爱壹爹,Wed Mar 18 12:36:18 +0800 2020,0,173,,"""蔡徐坤"""
笔咖楸,Wed Mar 18 12:36:18 +0800 2020,17,174,,"""他的回应是他的作品"""
新东方第一大厨,Wed Mar 18 12:36:12 +0800 2020,0,171,,"""谢谢分享"""
0802葵葵的小猫咪呀,Wed Mar 18 12:36:09 +0800 2020,0,170,,"""嗯嗯"""
-生菜五花肉,Wed Mar 18 12:36:04 +0800 2020,1,168,,""""""
Lucille·Xun,Wed Mar 18 12:36:01 +0800 2020,0,167,,"""蔡徐坤"""
kun式无语的浪漫,Wed Mar 18 12:36:01 +0800 2020,50,166,,"""每个走过的经历都会变成财富——蔡徐坤"""
82号驯狮少女,Wed Mar 18 12:35:56 +0800 2020,2,164,,"""时间会证明一切，你的作品，是舞台"""
苏苏猫猫jc,Wed Mar 18 12:35:52 +0800 2020,0,162,,""""""
温柔只给蔡某某,Wed Mar 18 12:35:46 +0800 2020,0,159,,"""蔡徐坤"""
